{"M1 HD":{"name":"M1 HD","providers":"1","plugin.video.ziggo_id":"858598439245","plugin.video.ziggo_match":"M1 HD"},
{"M1 HD":{"name":"M1 HD","providers":"1","plugin.video.ziggo_id":"858598439192","plugin.video.ziggo_match":"M2 HD"},
{"M1 HD":{"name":"M1 HD","providers":"1","plugin.video.ziggo_id":"858598439184","plugin.video.ziggo_match":"Duna HD"},
{"M1 HD":{"name":"M1 HD","providers":"1","plugin.video.ziggo_id":"858598439141","plugin.video.ziggo_match":"M4 HD"},
{"M1 HD":{"name":"M1 HD","providers":"1","plugin.video.ziggo_id":"948531239184","plugin.video.ziggo_match":"Duna World HD"},
