{"M1 HD":{"name":"M1 HD","providers":"1","plugin.video.betelenet_id":"","plugin.video.betelenet_match":"","plugin.video.canaldigitaal_id":"","plugin.video.canaldigitaal_match":"","plugin.video.kpn_id":"","plugin.video.kpn_match":"","plugin.video.nlziet_id":"","plugin.video.nlziet_match":"","plugin.video.tmobile_id":"","plugin.video.tmobile_match":"","plugin.video.ziggo_id":"858598439245","plugin.video.ziggo_match":"M1 HD"},
{"M2 HD":{"name":"M2 HD","providers":"1","plugin.video.betelenet_id":"","plugin.video.betelenet_match":"","plugin.video.canaldigitaal_id":"","plugin.video.canaldigitaal_match":"","plugin.video.kpn_id":"","plugin.video.kpn_match":"","plugin.video.nlziet_id":"","plugin.video.nlziet_match":"","plugin.video.tmobile_id":"","plugin.video.tmobile_match":"","plugin.video.ziggo_id":"858598439192","plugin.video.ziggo_match":"M2\/Petofi HD"},
{"Duna HD":{"name":"Duna HD","providers":"1","plugin.video.betelenet_id":"","plugin.video.betelenet_match":"","plugin.video.canaldigitaal_id":"","plugin.video.canaldigitaal_match":"","plugin.video.kpn_id":"","plugin.video.kpn_match":"","plugin.video.nlziet_id":"","plugin.video.nlziet_match":"","plugin.video.tmobile_id":"","plugin.video.tmobile_match":"","plugin.video.ziggo_id":"858598439184","plugin.video.ziggo_match":"Duna HD"},
{"M4 HD":{"name":"M4 HD","providers":"1","plugin.video.betelenet_id":"","plugin.video.betelenet_match":"","plugin.video.canaldigitaal_id":"","plugin.video.canaldigitaal_match":"","plugin.video.kpn_id":"","plugin.video.kpn_match":"","plugin.video.nlziet_id":"","plugin.video.nlziet_match":"","plugin.video.tmobile_id":"","plugin.video.tmobile_match":"","plugin.video.ziggo_id":"858598439141","plugin.video.ziggo_match":"M4 HD"},
{"Duna World HD":{"name":"Duna World HD","providers":"1","plugin.video.betelenet_id":"","plugin.video.betelenet_match":"","plugin.video.canaldigitaal_id":"","plugin.video.canaldigitaal_match":"","plugin.video.kpn_id":"","plugin.video.kpn_match":"","plugin.video.nlziet_id":"","plugin.video.nlziet_match":"","plugin.video.tmobile_id":"","plugin.video.tmobile_match":"","plugin.video.ziggo_id":"948531239184","plugin.video.ziggo_match":"Duna World HD"}}