{"boW4lYH6CESbHzgZais_lQAAAAE":{"id":"boW4lYH6CESbHzgZais_lQAAAAE","assetid":"npo1","name":"NPO 1","icon":"https:\/\/cdn.nlziet.nl\/static\/assets\/channels\/npo1.png","description":"","channelno":"1","erotica":"0","minimal":"1","replay":"1","regional":"0","home_only":"0"},"boW4lYH6CESbHzgZais_lQAAAAI":{"id":"boW4lYH6CESbHzgZais_lQAAAAI","assetid":"npo2","name":"NPO 2","icon":"https:\/\/cdn.nlziet.nl\/static\/assets\/channels\/npo2.png","description":"","channelno":"2","erotica":"0","minimal":"1","replay":"1","regional":"0","home_only":"0"},"boW4lYH6CESbHzgZais_lQAAAAM":{"id":"boW4lYH6CESbHzgZais_lQAAAAM","assetid":"npo3","name":"NPO 3","icon":"https:\/\/cdn.nlziet.nl\/static\/assets\/channels\/npo3.png","description":"","channelno":"3","erotica":"0","minimal":"1","replay":"1","regional":"0","home_only":"0"},"boW4lYH6CESbHzgZais_lQAAAAQ":{"id":"boW4lYH6CESbHzgZais_lQAAAAQ","assetid":"rtl4","name":"RTL 4","icon":"https:\/\/cdn.nlziet.nl\/static\/assets\/channels\/rtl4.png","description":"","channelno":"4","erotica":"0","minimal":"1","replay":"1","regional":"0","home_only":"0"},"boW4lYH6CESbHzgZais_lQAAAAU":{"id":"boW4lYH6CESbHzgZais_lQAAAAU","assetid":"rtl5","name":"RTL 5","icon":"https:\/\/cdn.nlziet.nl\/static\/assets\/channels\/rtl5.png","description":"","channelno":"5","erotica":"0","minimal":"1","replay":"1","regional":"0","home_only":"0"},"boW4lYH6CESbHzgZais_lQAAAAY":{"id":"boW4lYH6CESbHzgZais_lQAAAAY","assetid":"sbs6","name":"SBS6","icon":"https:\/\/cdn.nlziet.nl\/static\/assets\/channels\/sbs6.png","description":"","channelno":"6","erotica":"0","minimal":"1","replay":"1","regional":"0","home_only":"0"},"boW4lYH6CESbHzgZais_lQAAAAc":{"id":"boW4lYH6CESbHzgZais_lQAAAAc","assetid":"rtl7","name":"RTL 7","icon":"https:\/\/cdn.nlziet.nl\/static\/assets\/channels\/rtl7.png","description":"","channelno":"7","erotica":"0","minimal":"1","replay":"1","regional":"0","home_only":"0"},"boW4lYH6CESbHzgZais_lQAAAAg":{"id":"boW4lYH6CESbHzgZais_lQAAAAg","assetid":"veronica","name":"Veronica","icon":"https:\/\/cdn.nlziet.nl\/static\/assets\/channels\/veronica.png","description":"","channelno":"8","erotica":"0","minimal":"1","replay":"1","regional":"0","home_only":"0"},"boW4lYH6CESbHzgZais_lQAAAAk":{"id":"boW4lYH6CESbHzgZais_lQAAAAk","assetid":"net5","name":"Net5","icon":"https:\/\/cdn.nlziet.nl\/static\/assets\/channels\/net5.png","description":"","channelno":"9","erotica":"0","minimal":"1","replay":"1","regional":"0","home_only":"0"},"boW4lYH6CESbHzgZais_lQAAAAo":{"id":"boW4lYH6CESbHzgZais_lQAAAAo","assetid":"rtl8","name":"RTL 8","icon":"https:\/\/cdn.nlziet.nl\/static\/assets\/channels\/rtl8.png","description":"","channelno":"10","erotica":"0","minimal":"1","replay":"1","regional":"0","home_only":"0"},"boW4lYH6CESbHzgZais_lQAAAAw":{"id":"boW4lYH6CESbHzgZais_lQAAAAw","assetid":"rtlz","name":"RTL Z","icon":"https:\/\/cdn.nlziet.nl\/static\/assets\/channels\/rtlz.png","description":"","channelno":"11","erotica":"0","minimal":"1","replay":"1","regional":"0","home_only":"0"},"boW4lYH6CESbHzgZais_lQAAAAs":{"id":"boW4lYH6CESbHzgZais_lQAAAAs","assetid":"sbs9","name":"SBS9","icon":"https:\/\/cdn.nlziet.nl\/static\/assets\/channels\/sbs9.png","description":"","channelno":"12","erotica":"0","minimal":"1","replay":"1","regional":"0","home_only":"0"},"F927254D-68AA-454D-A027-653F4855AAE4":{"id":"F927254D-68AA-454D-A027-653F4855AAE4","assetid":"insighttv","name":"Insight TV","icon":"https:\/\/cdn.nlziet.nl\/static\/assets\/channels\/insighttv.png","description":"","channelno":"13","erotica":"0","minimal":"1","replay":"1","regional":"0","home_only":"0"},"boW4lYH6CESbHzgZais_lQAAABA":{"id":"boW4lYH6CESbHzgZais_lQAAABA","assetid":"tv538","name":"TV 538","icon":"https:\/\/cdn.nlziet.nl\/static\/assets\/channels\/tv538.png","description":"","channelno":"14","erotica":"0","minimal":"1","replay":"1","regional":"0","home_only":"0"},"boW4lYH6CESbHzgZais_lQAAAA0":{"id":"boW4lYH6CESbHzgZais_lQAAAA0","assetid":"rtlcrime","name":"RTL Crime","icon":"https:\/\/cdn.nlziet.nl\/static\/assets\/channels\/rtlcrime.png","description":"","channelno":"15","erotica":"0","minimal":"1","replay":"1","regional":"0","home_only":"0"},"boW4lYH6CESbHzgZais_lQAAAA4":{"id":"boW4lYH6CESbHzgZais_lQAAAA4","assetid":"rtllounge","name":"RTL Lounge","icon":"https:\/\/cdn.nlziet.nl\/static\/assets\/channels\/rtllounge.png","description":"","channelno":"16","erotica":"0","minimal":"1","replay":"1","regional":"0","home_only":"0"},"boW4lYH6CESbHzgZais_lQAAAA8":{"id":"boW4lYH6CESbHzgZais_lQAAAA8","assetid":"rtltelekids","name":"RTL Telekids","icon":"https:\/\/cdn.nlziet.nl\/static\/assets\/channels\/rtltelekids.png","description":"","channelno":"17","erotica":"0","minimal":"1","replay":"1","regional":"0","home_only":"0"},"boW4lYH6CESbHzgZais_lQAAABE":{"id":"boW4lYH6CESbHzgZais_lQAAABE","assetid":"npo1extra","name":"NPO 1 extra","icon":"https:\/\/cdn.nlziet.nl\/static\/assets\/channels\/npo1extra.png","description":"","channelno":"18","erotica":"0","minimal":"1","replay":"1","regional":"0","home_only":"0"},"boW4lYH6CESbHzgZais_lQAAABI":{"id":"boW4lYH6CESbHzgZais_lQAAABI","assetid":"npo2extra","name":"NPO 2 extra","icon":"https:\/\/cdn.nlziet.nl\/static\/assets\/channels\/npo2extra.png","description":"","channelno":"19","erotica":"0","minimal":"1","replay":"1","regional":"0","home_only":"0"},"boW4lYH6CESbHzgZais_lQAAABM":{"id":"boW4lYH6CESbHzgZais_lQAAABM","assetid":"npozappextra","name":"NPO Zappelin","icon":"https:\/\/cdn.nlziet.nl\/static\/assets\/channels\/npozappextra.png","description":"","channelno":"20","erotica":"0","minimal":"1","replay":"1","regional":"0","home_only":"0"},"boW4lYH6CESbHzgZais_lQAAABQ":{"id":"boW4lYH6CESbHzgZais_lQAAABQ","assetid":"nponieuws","name":"NPO Nieuws","icon":"https:\/\/cdn.nlziet.nl\/static\/assets\/channels\/nponieuws.png","description":"","channelno":"21","erotica":"0","minimal":"1","replay":"1","regional":"0","home_only":"0"},"boW4lYH6CESbHzgZais_lQAAABU":{"id":"boW4lYH6CESbHzgZais_lQAAABU","assetid":"npopolitiek","name":"NPO Politiek","icon":"https:\/\/cdn.nlziet.nl\/static\/assets\/channels\/npopolitiek.png","description":"","channelno":"22","erotica":"0","minimal":"1","replay":"1","regional":"0","home_only":"0"},"E41E314C-83C2-4C8E-BEF3-CD82048698AB":{"id":"E41E314C-83C2-4C8E-BEF3-CD82048698AB","assetid":"omropfryslan","name":"Omrop Frysl\u00e2n","icon":"https:\/\/cdn.nlziet.nl\/static\/assets\/channels\/omropfryslan.png","description":"","channelno":"23","erotica":"0","minimal":"1","replay":"1","regional":"1","home_only":"0"},"80C9C8F1-9672-4232-9C6A-AD10FB14043F":{"id":"80C9C8F1-9672-4232-9C6A-AD10FB14043F","assetid":"rtvnoord","name":"RTV Noord","icon":"https:\/\/cdn.nlziet.nl\/static\/assets\/channels\/rtvnoord.png","description":"","channelno":"24","erotica":"0","minimal":"1","replay":"1","regional":"1","home_only":"0"},"8F6D1C2C-F50E-4FF5-B266-1509D317DD81":{"id":"8F6D1C2C-F50E-4FF5-B266-1509D317DD81","assetid":"tvdrenthe","name":"TV Drenthe","icon":"https:\/\/cdn.nlziet.nl\/static\/assets\/channels\/tvdrenthe.png","description":"","channelno":"25","erotica":"0","minimal":"1","replay":"1","regional":"1","home_only":"0"},"14F2716D-ED8F-4883-997F-2BEEABF0E05E":{"id":"14F2716D-ED8F-4883-997F-2BEEABF0E05E","assetid":"tvoost","name":"TV Oost","icon":"https:\/\/cdn.nlziet.nl\/static\/assets\/channels\/tvoost.png","description":"","channelno":"26","erotica":"0","minimal":"1","replay":"1","regional":"1","home_only":"0"},"B2F3FB80-6689-4F1F-A091-51FCE75472B7":{"id":"B2F3FB80-6689-4F1F-A091-51FCE75472B7","assetid":"tvgelderland","name":"TV Gelderland","icon":"https:\/\/cdn.nlziet.nl\/static\/assets\/channels\/tvgelderland.png","description":"","channelno":"27","erotica":"0","minimal":"1","replay":"1","regional":"1","home_only":"0"},"559909F1-E93A-4C51-888E-57E0A25090B1":{"id":"559909F1-E93A-4C51-888E-57E0A25090B1","assetid":"omroepflevoland","name":"Omroep Flevoland","icon":"https:\/\/cdn.nlziet.nl\/static\/assets\/channels\/omroepflevoland.png","description":"","channelno":"28","erotica":"0","minimal":"1","replay":"1","regional":"1","home_only":"0"},"191027CC-C7FB-424E-9E3F-87C8E754E3D9":{"id":"191027CC-C7FB-424E-9E3F-87C8E754E3D9","assetid":"nhtv","name":"NH TV","icon":"https:\/\/cdn.nlziet.nl\/static\/assets\/channels\/nhtv.png","description":"","channelno":"29","erotica":"0","minimal":"1","replay":"1","regional":"1","home_only":"0"},"F0164195-6E45-498E-929B-C11B415FFC48":{"id":"F0164195-6E45-498E-929B-C11B415FFC48","assetid":"rtvutrecht","name":"RTV Utrecht","icon":"https:\/\/cdn.nlziet.nl\/static\/assets\/channels\/rtvutrecht.png","description":"","channelno":"30","erotica":"0","minimal":"1","replay":"1","regional":"1","home_only":"0"},"4D915C1D-43C2-4E61-87AB-E2BB1AD07562":{"id":"4D915C1D-43C2-4E61-87AB-E2BB1AD07562","assetid":"tvwest","name":"TV West","icon":"https:\/\/cdn.nlziet.nl\/static\/assets\/channels\/tvwest.png","description":"","channelno":"31","erotica":"0","minimal":"1","replay":"1","regional":"1","home_only":"0"},"DC8F0D21-844D-4849-BD0E-782AF0129165":{"id":"DC8F0D21-844D-4849-BD0E-782AF0129165","assetid":"tvrijnmond","name":"Rijnmond","icon":"https:\/\/cdn.nlziet.nl\/static\/assets\/channels\/tvrijnmond.png","description":"","channelno":"32","erotica":"0","minimal":"1","replay":"1","regional":"1","home_only":"0"},"36571C69-5942-4C40-B837-36E083FE4136":{"id":"36571C69-5942-4C40-B837-36E083FE4136","assetid":"omroepzeeland","name":"Omroep Zeeland","icon":"https:\/\/cdn.nlziet.nl\/static\/assets\/channels\/omroepzeeland.png","description":"","channelno":"33","erotica":"0","minimal":"1","replay":"1","regional":"1","home_only":"0"},"E3C2F0E8-AB36-4EE2-80D0-0F61D38D4C3C":{"id":"E3C2F0E8-AB36-4EE2-80D0-0F61D38D4C3C","assetid":"omroepbrabant","name":"Omroep Brabant","icon":"https:\/\/cdn.nlziet.nl\/static\/assets\/channels\/omroepbrabant.png","description":"","channelno":"34","erotica":"0","minimal":"1","replay":"1","regional":"1","home_only":"0"},"C8054602-419F-4495-AFC7-5AC6C625D479":{"id":"C8054602-419F-4495-AFC7-5AC6C625D479","assetid":"l1tv","name":"L1","icon":"https:\/\/cdn.nlziet.nl\/static\/assets\/channels\/l1tv.png","description":"","channelno":"35","erotica":"0","minimal":"1","replay":"1","regional":"1","home_only":"0"},"91BD0105-AC89-4B76-A37E-5D17A6B81745":{"id":"91BD0105-AC89-4B76-A37E-5D17A6B81745","assetid":"at5","name":"AT5","icon":"https:\/\/cdn.nlziet.nl\/static\/assets\/channels\/at5.png","description":"","channelno":"36","erotica":"0","minimal":"1","replay":"1","regional":"0","home_only":"0"}}