{"100feest":{"id":"100feest","name":"100% Feest","mod_name":"","url":"https:\/\/stream.100p.nl\/web01_mp3","icon":"https:\/\/www.nederland.fm\/i\/l\/100feest.gif"},"100kerst":{"id":"100kerst","name":"100% Kerst","mod_name":"","url":"https:\/\/stream.100p.nl\/web05_mp3","icon":"https:\/\/www.nederland.fm\/i\/l\/100kerst.gif"},"100nederpop":{"id":"100nederpop","name":"100% Nederpop","mod_name":"","url":"https:\/\/stream.100p.nl\/web04_mp3","icon":"https:\/\/www.nederland.fm\/i\/l\/100nederpop.gif"},"100pnl":{"id":"100pnl","name":"100% NL","mod_name":"","url":"http:\/\/stream.100p.nl\/100pctnl.mp3","icon":"https:\/\/www.nederland.fm\/i\/l\/100pnl.gif"},"100carnaval":{"id":"100carnaval","name":"100% NL Carnaval","mod_name":"","url":"https:\/\/stream.100p.nl\/web05_mp3","icon":"https:\/\/www.nederland.fm\/i\/l\/100carnaval.gif"},"100songfestival":{"id":"100songfestival","name":"100% NL Songfestival","mod_name":"","url":"https:\/\/stream.100p.nl\/web05_mp3","icon":"https:\/\/www.nederland.fm\/i\/l\/100songfestival.gif"},"100zomer":{"id":"100zomer","name":"100% NL Zomer ","mod_name":"","url":"https:\/\/stream.100p.nl\/web05_mp3","icon":"https:\/\/www.nederland.fm\/i\/l\/100zomer.gif"},"538dance":{"id":"538dance","name":"538 Dance Radio","mod_name":"","url":"http:\/\/playerservices.streamtheworld.com\/api\/livestream-redirect\/TLPSTR10.mp3","icon":"https:\/\/www.nederland.fm\/i\/l\/538dance.gif"},"538dancedept":{"id":"538dancedept","name":"538 Dancedepartment","mod_name":"538 Dance Department","url":"http:\/\/playerservices.streamtheworld.com\/api\/livestream-redirect\/TLPSTR01.mp3","icon":"https:\/\/www.nederland.fm\/i\/l\/538dancedept.gif"},"538drops":{"id":"538drops","name":"538 Drops","mod_name":"","url":"http:\/\/playerservices.streamtheworld.com\/api\/livestream-redirect\/TLPSTR08.mp3","icon":"https:\/\/www.nederland.fm\/i\/l\/538drops.gif"},"538globaldance":{"id":"538globaldance","name":"538 GLOBAL DANCE CHART","mod_name":"538 Global Dance Chart","url":"http:\/\/playerservices.streamtheworld.com\/api\/livestream-redirect\/TLPSTR05.mp3","icon":"https:\/\/www.nederland.fm\/i\/l\/538globaldance.gif"},"538hiphop":{"id":"538hiphop","name":"538 Hiphip","mod_name":"","url":"http:\/\/playerservices.streamtheworld.com\/api\/livestream-redirect\/TLPSTR08.mp3","icon":"https:\/\/www.nederland.fm\/i\/l\/538hiphop.gif"},"538hitzone":{"id":"538hitzone","name":"538 Hitzone","mod_name":"","url":"http:\/\/playerservices.streamtheworld.com\/api\/livestream-redirect\/TLPSTR11.mp3","icon":"https:\/\/www.nederland.fm\/i\/l\/538hitzone.gif"},"538ibiza":{"id":"538ibiza","name":"538 Ibiza","mod_name":"","url":"http:\/\/playerservices.streamtheworld.com\/api\/livestream-redirect\/TLPSTR19.mp3","icon":"https:\/\/www.nederland.fm\/i\/l\/538ibiza.gif"},"538kerst":{"id":"538kerst","name":"538 Kerst","mod_name":"","url":"https:\/\/playerservices.streamtheworld.com\/api\/livestream-redirect\/TLPSTR06.mp3","icon":"https:\/\/www.nederland.fm\/i\/l\/538kerst.gif"},"538nonstop":{"id":"538nonstop","name":"538 NONSTOP","mod_name":"538 Non-stop","url":"http:\/\/playerservices.streamtheworld.com\/api\/livestream-redirect\/TLPSTR09.mp3","icon":"https:\/\/www.nederland.fm\/i\/l\/538nonstop.gif"},"538party":{"id":"538party","name":"538 Party","mod_name":"","url":"http:\/\/playerservices.streamtheworld.com\/api\/livestream-redirect\/TLPSTR08.mp3","icon":"https:\/\/www.nederland.fm\/i\/l\/538party.gif"},"538top50":{"id":"538top50","name":"538 Top 50","mod_name":"","url":"https:\/\/playerservices.streamtheworld.com\/api\/livestream-redirect\/TLPSTR13.mp3","icon":"https:\/\/www.nederland.fm\/i\/l\/538top50.gif"},"538verruckt":{"id":"538verruckt","name":"538 verruckt","mod_name":"538 Verruckt","url":"https:\/\/playerservices.streamtheworld.com\/api\/livestream-redirect\/TLPSTR21.mp3","icon":"https:\/\/www.nederland.fm\/i\/l\/538verruckt.gif"},"538zomer":{"id":"538zomer","name":"538ZOMER","mod_name":"538 Zomer","url":"https:\/\/playerservices.streamtheworld.com\/api\/livestream-redirect\/TLPSTR06.mp3","icon":"https:\/\/www.nederland.fm\/i\/l\/538zomer.gif"},"arrow":{"id":"arrow","name":"Arrow Rock","mod_name":"","url":"https:\/\/stream.player.arrow.nl\/arrow","icon":"https:\/\/www.nederland.fm\/i\/l\/arrow.gif"},"bnr":{"id":"bnr","name":"BNR","mod_name":"","url":"https:\/\/stream.bnr.nl\/bnr_mp3_128_03","icon":"https:\/\/www.nederland.fm\/i\/l\/bnr.gif"},"candlelight":{"id":"candlelight","name":"Candlelight","mod_name":"","url":"http:\/\/playerservices.streamtheworld.com\/api\/livestream-redirect\/CANDLELIGHT.mp3","icon":"https:\/\/www.nederland.fm\/i\/l\/candlelight.gif"},"carnavalradio":{"id":"carnavalradio","name":"Carnaval Radio door Radio Caramba","mod_name":"","url":"http:\/\/stream.sonixcast.com:20290\/stream","icon":"https:\/\/www.nederland.fm\/i\/l\/carnavalradio.gif"},"caz":{"id":"caz","name":"Caz!","mod_name":"","url":"http:\/\/stream.arrowcaz.nl\/caz128kmp3","icon":"https:\/\/www.nederland.fm\/i\/l\/caz.gif"},"classicfm":{"id":"classicfm","name":"classicnl","mod_name":"Classic NL","url":"https:\/\/22533.live.streamtheworld.com\/CLASSICFM_SC","icon":"https:\/\/www.nederland.fm\/i\/l\/classicfm.gif"},"efteling":{"id":"efteling","name":"Efteling Kids Radio","mod_name":"","url":"https:\/\/ice.cr5.streamzilla.xlcdn.com:8000\/sz=efteling=hdstream","icon":"https:\/\/www.nederland.fm\/i\/l\/efteling.gif"},"skyfeelgood":{"id":"skyfeelgood","name":"Feel Good Hits","mod_name":"","url":"http:\/\/playerservices.streamtheworld.com\/api\/livestream-redirect\/SRGSTR20.mp3","icon":"https:\/\/www.nederland.fm\/i\/l\/skyfeelgood.gif"},"funx":{"id":"funx","name":"FunX","mod_name":"","url":"http:\/\/icecast.omroep.nl\/funx-bb-mp3","icon":"https:\/\/www.nederland.fm\/i\/l\/funx.gif"},"grandprix":{"id":"grandprix","name":"Grand Prix Radio","mod_name":"","url":"https:\/\/playerservices.streamtheworld.com\/api\/livestream-redirect\/GRAND_PRIX_RADIO.mp3","icon":"https:\/\/www.nederland.fm\/i\/l\/grandprix.gif"},"stamcafe":{"id":"stamcafe","name":"Het Stamcafe","mod_name":"","url":"https:\/\/stream.hetstamcafe.nl\/hetstamcafe.mp3","icon":"https:\/\/www.nederland.fm\/i\/l\/stamcafe.gif"},"hitradio":{"id":"hitradio","name":"Hit Radio","mod_name":"","url":"http:\/\/playerservices.streamtheworld.com\/api\/livestream-redirect\/SRGSTR09.mp3","icon":"https:\/\/www.nederland.fm\/i\/l\/hitradio.gif"},"joe":{"id":"joe","name":"Joe","mod_name":"","url":"https:\/\/playerservices.streamtheworld.com\/api\/livestream-redirect\/JOENL.mp3","icon":"https:\/\/www.nederland.fm\/i\/l\/joe.gif"},"kersthits":{"id":"kersthits","name":"Kersthits","mod_name":"","url":"http:\/\/82.201.100.9:8000\/WEB23_WEB_MP3","icon":"https:\/\/www.nederland.fm\/i\/l\/kersthits.gif"},"kink":{"id":"kink","name":"Kink","mod_name":"","url":"https:\/\/playerservices.streamtheworld.com\/api\/livestream-redirect\/KINK.mp3","icon":"https:\/\/www.nederland.fm\/i\/l\/kink.gif"},"lindaradio":{"id":"lindaradio","name":"LINDA.Radio","mod_name":"","url":"https:\/\/playerservices.streamtheworld.com\/api\/livestream-redirect\/juke_s02.mp3","icon":"https:\/\/www.nederland.fm\/i\/l\/lindaradio.gif"},"3fm":{"id":"3fm","name":"NPO 3FM","mod_name":"","url":"http:\/\/icecast.omroep.nl\/3fm-bb-mp3","icon":"https:\/\/www.nederland.fm\/i\/l\/3fm.gif"},"radio1":{"id":"radio1","name":"NPO Radio 1","mod_name":"","url":"http:\/\/icecast.omroep.nl\/radio1-bb-mp3","icon":"https:\/\/www.nederland.fm\/i\/l\/radio1.gif"},"radio2":{"id":"radio2","name":"NPO Radio 2","mod_name":"","url":"http:\/\/icecast.omroep.nl\/radio2-bb-mp3","icon":"https:\/\/www.nederland.fm\/i\/l\/radio2.gif"},"radio4":{"id":"radio4","name":"NPO Radio 4","mod_name":"","url":"http:\/\/icecast.omroep.nl\/radio4-bb-mp3","icon":"https:\/\/www.nederland.fm\/i\/l\/radio4.gif"},"radio5":{"id":"radio5","name":"NPO Radio 5","mod_name":"","url":"http:\/\/icecast.omroep.nl\/radio5-bb-mp3","icon":"https:\/\/www.nederland.fm\/i\/l\/radio5.gif"},"radio6":{"id":"radio6","name":"NPO Radio 6","mod_name":"","url":"http:\/\/icecast.omroep.nl\/radio6-bb-mp3","icon":"https:\/\/www.nederland.fm\/i\/l\/radio6.gif"},"q-music":{"id":"q-music","name":"Q sounds better with you","mod_name":"Q-Music","url":"https:\/\/playerservices.streamtheworld.com\/api\/livestream-redirect\/QMUSICNL.mp3","icon":"https:\/\/www.nederland.fm\/i\/l\/q-music.gif"},"qmusic90s":{"id":"qmusic90s","name":"Qmusic 90's","mod_name":"","url":"https:\/\/playerservices.streamtheworld.com\/api\/livestream-redirect\/QMUSICNL_THEMA.mp3","icon":"https:\/\/www.nederland.fm\/i\/l\/qmusic90s.gif"},"qmusicchristmas":{"id":"qmusicchristmas","name":"Qmusic Christmas","mod_name":"","url":"https:\/\/icecast-qmusicnl-cdp.triple-it.nl\/Qmusic_nl_classics_96.mp3","icon":"https:\/\/www.nederland.fm\/i\/l\/qmusicchristmas.gif"},"q-musicfouteuur":{"id":"q-musicfouteuur","name":"Qmusic Het Foute Uur","mod_name":"","url":"https:\/\/playerservices.streamtheworld.com\/api\/livestream-redirect\/QMUSICNL_FOUTE_UUR.mp3","icon":"https:\/\/www.nederland.fm\/i\/l\/q-musicfouteuur.gif"},"qmusichotnow":{"id":"qmusichotnow","name":"Qmusic Hot Now","mod_name":"","url":"https:\/\/icecast-qmusicnl-cdp.triple-it.nl\/Qmusic_nl_new_96.mp3","icon":"https:\/\/www.nederland.fm\/i\/l\/qmusichotnow.gif"},"q-musicnonstop":{"id":"q-musicnonstop","name":"Qmusic Non-Stop","mod_name":"","url":"https:\/\/playerservices.streamtheworld.com\/api\/livestream-redirect\/QMUSICNL_NONSTOP.mp3","icon":"https:\/\/www.nederland.fm\/i\/l\/q-musicnonstop.gif"},"qmusicsummer":{"id":"qmusicsummer","name":"Qmusic Summer","mod_name":"","url":"https:\/\/icecast-qmusicnl-cdp.triple-it.nl\/Qmusic_nl_classics_96.mp3","icon":"https:\/\/www.nederland.fm\/i\/l\/qmusicsummer.gif"},"qmusictop1000":{"id":"qmusictop1000","name":"Qmusic Top 1000","mod_name":"","url":"https:\/\/icecast-qmusicnl-cdp.triple-it.nl\/Qmusic_nl_classics_96.mp3","icon":"https:\/\/www.nederland.fm\/i\/l\/qmusictop1000.gif"},"qmusictop40":{"id":"qmusictop40","name":"Qmusic Top 40","mod_name":"","url":"https:\/\/playerservices.streamtheworld.com\/api\/livestream-redirect\/QMUSICNL_TOP40.mp3","icon":"https:\/\/www.nederland.fm\/i\/l\/qmusictop40.gif"},"decibel":{"id":"decibel","name":"Radio   Decibel","mod_name":"Radio Decibel","url":"https:\/\/stream.decibel.nl\/decibel.mp3","icon":"https:\/\/www.nederland.fm\/i\/l\/decibel.gif"},"radio1nieuws":{"id":"radio1nieuws","name":"Radio 1 Nieuws","mod_name":"","url":"http:\/\/news.nixxfm.nl:81\/nieuws.mp3","icon":"https:\/\/www.nederland.fm\/i\/l\/radio1nieuws.gif"},"radio10":{"id":"radio10","name":"Radio 10","mod_name":"","url":"http:\/\/playerservices.streamtheworld.com\/api\/livestream-redirect\/RADIO10.mp3","icon":"https:\/\/www.nederland.fm\/i\/l\/radio10.gif"},"6070shits":{"id":"6070shits","name":"Radio 10 60's & 70's Hits","mod_name":"","url":"http:\/\/playerservices.streamtheworld.com\/api\/livestream-redirect\/TLPSTR18.mp3","icon":"https:\/\/www.nederland.fm\/i\/l\/6070shits.gif"},"radio1080shits":{"id":"radio1080shits","name":"Radio 10 80's Hits","mod_name":"","url":"http:\/\/playerservices.streamtheworld.com\/api\/livestream-redirect\/TLPSTR20.mp3","icon":"https:\/\/www.nederland.fm\/i\/l\/radio1080shits.gif"},"radio1090shits":{"id":"radio1090shits","name":"Radio 10 90's Hits","mod_name":"","url":"http:\/\/playerservices.streamtheworld.com\/api\/livestream-redirect\/TLPSTR22.mp3","icon":"https:\/\/www.nederland.fm\/i\/l\/radio1090shits.gif"},"radio10kersthits":{"id":"radio10kersthits","name":"Radio 10 kersthits","mod_name":"","url":"http:\/\/stream.radiocorp.nl\/r10_kerst_mp3","icon":"https:\/\/www.nederland.fm\/i\/l\/radio10kersthits.gif"},"radio10lovesongs":{"id":"radio10lovesongs","name":"Radio 10 Lovesongs","mod_name":"","url":"http:\/\/playerservices.streamtheworld.com\/api\/livestream-redirect\/TLPSTR04.mp3","icon":"https:\/\/www.nederland.fm\/i\/l\/radio10lovesongs.gif"},"radio10nonstop":{"id":"radio10nonstop","name":"Radio 10 non stop","mod_name":"","url":"http:\/\/playerservices.streamtheworld.com\/api\/livestream-redirect\/TLPSTR15.mp3","icon":"https:\/\/www.nederland.fm\/i\/l\/radio10nonstop.gif"},"radio10top4000":{"id":"radio10top4000","name":"Radio 10 Top 4000","mod_name":"","url":"http:\/\/playerservices.streamtheworld.com\/api\/livestream-redirect\/TLPSTR24.mp3","icon":"https:\/\/www.nederland.fm\/i\/l\/radio10top4000.gif"},"zomerhits":{"id":"zomerhits","name":"Radio 10 Zomerradio","mod_name":"","url":"http:\/\/stream.radiocorp.nl\/r10_zomer_mp3","icon":"https:\/\/www.nederland.fm\/i\/l\/zomerhits.gif"},"radio538":{"id":"radio538","name":"Radio 538","mod_name":"","url":"http:\/\/playerservices.streamtheworld.com\/api\/livestream-redirect\/RADIO538.mp3","icon":"https:\/\/www.nederland.fm\/i\/l\/radio538.gif"},"radionl":{"id":"radionl","name":"Radio NL","mod_name":"","url":"http:\/\/178.19.127.5:80","icon":"https:\/\/www.nederland.fm\/i\/l\/radionl.gif"},"rtl7darts":{"id":"rtl7darts","name":"RTL 7 Darts Radio","mod_name":"","url":"http:\/\/ypca.itego.nl\/rtldarts","icon":"https:\/\/www.nederland.fm\/i\/l\/rtl7darts.gif"},"sinterklaasfm":{"id":"sinterklaasfm","name":"Sinterklaas FM ","mod_name":"","url":"http:\/\/stream.intronic.nl\/sinterklaasfm.m3u","icon":"https:\/\/www.nederland.fm\/i\/l\/sinterklaasfm.gif"},"skychristmas":{"id":"skychristmas","name":"Sky Christmas","mod_name":"","url":"http:\/\/playerservices.streamtheworld.com\/api\/livestream-redirect\/SRGSTR08.mp3","icon":"https:\/\/www.nederland.fm\/i\/l\/skychristmas.gif"},"skyhits":{"id":"skyhits","name":"Sky Hits","mod_name":"","url":"http:\/\/playerservices.streamtheworld.com\/api\/livestream-redirect\/SRGSTR01.mp3","icon":"https:\/\/www.nederland.fm\/i\/l\/skyhits.gif"},"skylounge":{"id":"skylounge","name":"Sky Lounge","mod_name":"","url":"http:\/\/playerservices.streamtheworld.com\/api\/livestream-redirect\/SRGSTR07.mp3","icon":"https:\/\/www.nederland.fm\/i\/l\/skylounge.gif"},"skyradio":{"id":"skyradio","name":"Sky Radio","mod_name":"","url":"http:\/\/playerservices.streamtheworld.com\/api\/livestream-redirect\/SKYRADIO.mp3","icon":"https:\/\/www.nederland.fm\/i\/l\/skyradio.gif"},"sky80shits":{"id":"sky80shits","name":"Sky Radio 80's Hits","mod_name":"","url":"http:\/\/playerservices.streamtheworld.com\/api\/livestream-redirect\/SRGSTR04.mp3","icon":"https:\/\/www.nederland.fm\/i\/l\/sky80shits.gif"},"sky90s":{"id":"sky90s","name":"Sky Radio 90's Hits","mod_name":"","url":"https:\/\/playerservices.streamtheworld.com\/api\/livestream-redirect\/SRGSTR05.mp3","icon":"https:\/\/www.nederland.fm\/i\/l\/sky90s.gif"},"skydance":{"id":"skydance","name":"Sky Radio Dance","mod_name":"","url":"http:\/\/www.skyradio.nl\/player\/seasonal.pls","icon":"https:\/\/www.nederland.fm\/i\/l\/skydance.gif"},"skyeasy":{"id":"skyeasy","name":"Sky Radio Easy Hits","mod_name":"","url":"http:\/\/playerservices.streamtheworld.com\/api\/livestream-redirect\/SRGSTR23.mp3","icon":"https:\/\/www.nederland.fm\/i\/l\/skyeasy.gif"},"skywork":{"id":"skywork","name":"Sky Radio Non-Stop@Work","mod_name":"","url":"http:\/\/playerservices.streamtheworld.com\/api\/livestream-redirect\/SRGSTR24.mp3","icon":"https:\/\/www.nederland.fm\/i\/l\/skywork.gif"},"skysmooth":{"id":"skysmooth","name":"Sky Radio Smooth Hits","mod_name":"","url":"http:\/\/playerservices.streamtheworld.com\/api\/livestream-redirect\/SRGSTR15.mp3","icon":"https:\/\/www.nederland.fm\/i\/l\/skysmooth.gif"},"skysummerhits":{"id":"skysummerhits","name":"Sky Radio Summer Hits","mod_name":"","url":"https:\/\/playerservices.streamtheworld.com\/api\/livestream-redirect\/SRGSTR08.mp3","icon":"https:\/\/www.nederland.fm\/i\/l\/skysummerhits.gif"},"skyrunstart":{"id":"skyrunstart","name":"Sky Running Start","mod_name":"","url":"http:\/\/playerservices.streamtheworld.com\/api\/livestream-redirect\/SRGSTR21.mp3","icon":"https:\/\/www.nederland.fm\/i\/l\/skyrunstart.gif"},"skyrunstretch":{"id":"skyrunstretch","name":"Sky Running Stretch","mod_name":"","url":"http:\/\/playerservices.streamtheworld.com\/api\/livestream-redirect\/SRGSTR24.mp3","icon":"https:\/\/www.nederland.fm\/i\/l\/skyrunstretch.gif"},"skylovesongs":{"id":"skylovesongs","name":"SkyRadio Love Songs","mod_name":"","url":"http:\/\/playerservices.streamtheworld.com\/api\/livestream-redirect\/SRGSTR03.mp3","icon":"https:\/\/www.nederland.fm\/i\/l\/skylovesongs.gif"},"slam00s":{"id":"slam00s","name":"Slam 00's","mod_name":"","url":"https:\/\/stream.slam.nl\/web15_mp3","icon":"https:\/\/www.nederland.fm\/i\/l\/slam00s.gif"},"boomroom":{"id":"boomroom","name":"Slam FM! The Boom Room","mod_name":"","url":"http:\/\/vip-icecast.538.lw.triple-it.nl\/WEB13_MP3","icon":"https:\/\/www.nederland.fm\/i\/l\/boomroom.gif"},"slamsummer":{"id":"slamsummer","name":"Slam Summer","mod_name":"","url":"https:\/\/stream.slam.nl\/web08_mp3","icon":"https:\/\/www.nederland.fm\/i\/l\/slamsummer.gif"},"slamfm":{"id":"slamfm","name":"SLAM!","mod_name":"","url":"http:\/\/538hls.lswcdn.triple-it.nl\/content\/slamfm\/index.m3u8","icon":"https:\/\/www.nederland.fm\/i\/l\/slamfm.gif"},"slamdance":{"id":"slamdance","name":"SLAM! Dance Classics","mod_name":"","url":"https:\/\/stream.slam.nl\/web15_mp3","icon":"https:\/\/www.nederland.fm\/i\/l\/slamdance.gif"},"hardstyle":{"id":"hardstyle","name":"Slam! Hardstyle","mod_name":"SLAM! Hardstyle","url":"http:\/\/82.201.100.9:8000\/WEB17_Hardstyle","icon":"https:\/\/www.nederland.fm\/i\/l\/hardstyle.gif"},"slamhousuh":{"id":"slamhousuh","name":"SLAM! Housuh In De Pauzuh","mod_name":"","url":"https:\/\/stream.slam.nl\/web16_mp3","icon":"https:\/\/www.nederland.fm\/i\/l\/slamhousuh.gif"},"juizefm":{"id":"juizefm","name":"SLAM! Juize","mod_name":"","url":"https:\/\/stream.slam.nl\/web09_mp3","icon":"https:\/\/www.nederland.fm\/i\/l\/juizefm.gif"},"slammix":{"id":"slammix","name":"SLAM! Mix","mod_name":"","url":"http:\/\/stream.radiocorp.nl\/web13_mp3","icon":"https:\/\/www.nederland.fm\/i\/l\/slammix.gif"},"slamnonstop":{"id":"slamnonstop","name":"SLAM! Non Stop","mod_name":"","url":"http:\/\/vip-icecast.538.lw.triple-it.nl\/WEB15_MP3","icon":"https:\/\/www.nederland.fm\/i\/l\/slamnonstop.gif"},"soulradio":{"id":"soulradio","name":"Soul Radio","mod_name":"","url":"http:\/\/playerservices.streamtheworld.com\/api\/livestream-redirect\/SOULRADIO.mp3","icon":"https:\/\/www.nederland.fm\/i\/l\/soulradio.gif"},"soulshow":{"id":"soulshow","name":"Soul Show","mod_name":"","url":"http:\/\/icecast-soulshow.cdp.triple-it.nl\/soulshow_128.mp3","icon":"https:\/\/www.nederland.fm\/i\/l\/soulshow.gif"},"sterrennl":{"id":"sterrennl","name":"Sterren.nl","mod_name":"","url":"http:\/\/icecast.omroep.nl\/radio2-sterrennl-mp3","icon":"https:\/\/www.nederland.fm\/i\/l\/sterrennl.gif"},"sublimefm":{"id":"sublimefm","name":"Sublime FM","mod_name":"","url":"https:\/\/playerservices.streamtheworld.com\/api\/livestream-redirect\/SUBLIME.mp3","icon":"https:\/\/www.nederland.fm\/i\/l\/sublimefm.gif"},"veronicafm":{"id":"veronicafm","name":"Veronica FM","mod_name":"","url":"http:\/\/playerservices.streamtheworld.com\/api\/livestream-redirect\/VERONICA.mp3","icon":"https:\/\/www.nederland.fm\/i\/l\/veronicafm.gif"},"veronicanonstop":{"id":"veronicanonstop","name":"Veronica Non-Stop","mod_name":"","url":"http:\/\/playerservices.streamtheworld.com\/api\/livestream-redirect\/SRGSTR09.mp3","icon":"https:\/\/www.nederland.fm\/i\/l\/veronicanonstop.gif"},"rockradio":{"id":"rockradio","name":"Veronica Rock Radio ","mod_name":"","url":"http:\/\/playerservices.streamtheworld.com\/api\/livestream-redirect\/SRGSTR11.mp3","icon":"https:\/\/www.nederland.fm\/i\/l\/rockradio.gif"},"top1000":{"id":"top1000","name":"Veronica Top 1000","mod_name":"","url":"http:\/\/playerservices.streamtheworld.com\/api\/livestream-redirect\/SRGSTR10.mp3","icon":"https:\/\/www.nederland.fm\/i\/l\/top1000.gif"},"zomerradio":{"id":"zomerradio","name":"Zomerradio","mod_name":"","url":"http:\/\/82.201.100.10:8000\/WEB15mobiel","icon":"https:\/\/www.nederland.fm\/i\/l\/zomerradio.gif"}}