{"858598439245":{"id":"858598439245","assetid":"http:\/\/upc-hu-5084.live.horizon.tv\/dash\/M1_HD\/manifest.mpd&%%&urn:orion:media:std:vhLYdbOE_wHt","name":"M1","icon":"https://wp9-images-hu-dynamic.horizon.tv/HU/Logos/focused/461_85_c_4358a60096362522a82f67eb6540c361.png?w=110&h=150&mode=box","description":"","channelno":"1","erotica":"0","minimal":"1","replay":"1","regional":"0","home_only":"0"},"858598439192":{"id":"858598439192","assetid":"http:\/\/upc-hu-5085.live.horizon.tv\/dash\/M2_HD\/manifest.mpd&%%&urn:orion:media:std:VOmi0fOaQoSY","name":"M2 / Petofi","icon":"https:\/\/wp17-images-hu-dynamic.horizon.tv\/HU\/Logos\/focused\/461_86_c_c9681d1c865d31cdad3a6b0776022eb4.png?w=110&h=150&mode=box","description":"","channelno":"2","erotica":"0","minimal":"1","replay":"1","regional":"0","home_only":"0"},"858598439184":{"id":"858598439184","assetid":"http:\/\/upc-hu-5080.live.horizon.tv\/dash\/Duna_HD\/manifest.mpd&%%&urn:orion:media:std:vBj_Dyja4yz9","name":"Duna TV","icon":"https:\/\/wp18-images-hu-dynamic.horizon.tv\/HU\/Logos\/focused\/461_89_c_82877b44d04c46e44442a921f5b2598e.png?w=110&h=150&mode=box","description":"","channelno":"3","erotica":"0","minimal":"1","replay":"1","regional":"0","home_only":"0"},"858598439141":{"id":"858598439141","assetid":"http:\/\/upc-hu-5086.live.horizon.tv\/dash\/M4_HD\/manifest.mpd&%%&urn:orion:media:std:FFZqFwbAZ2xB","name":"M4 Sport","icon":"https:\/\/wp19-images-hu-dynamic.horizon.tv\/HU\/Logos\/focused\/461_135_c_56848362068d94e5bc5a646bc68c4b51.png?w=110&h=150&mode=box","description":"","channelno":"4","erotica":"0","minimal":"1","replay":"1","regional":"0","home_only":"0"},"948531239184":{"id":"948531239184","assetid":"http:\/\/upc-hu-5054.live.horizon.tv\/dash\/Duna_World\/manifest.mpd&%%&urn:orion:media:std:jB4BMqzR8agl","name":"Duna World","icon":"https://wp1-images-hu-dynamic.horizon.tv/HU/Logos/focused/duna_world_hd.png?w=110&h=150&mode=box","description":"","channelno":"5","erotica":"0","minimal":"1","replay":"1","regional":"0","home_only":"0"},"858598439186":{"id":"858598439186","assetid":"http:\/\/upc-hu-5081.live.horizon.tv\/dash\/M5_HD\/manifest.mpd&%%&urn:orion:media:std:FYSSm74Ykses","name":"M5","icon":"https:\/\/wp21-images-hu-dynamic.horizon.tv\/HU\/Logos\/focused\/461_141_c_ad7c8f02fae9b000f29e8ec86bd4547d.png?w=110&h=150&mode=box","description":"","channelno":"6","erotica":"0","minimal":"1","replay":"1","regional":"0","home_only":"0"},"858598439247":{"id":"858598439247","assetid":"http:\/\/upc-hu-5072.live.horizon.tv\/dash\/Comedy_Central\/manifest.mpd&%%&urn:orion:media:std:ubLyFMeFwVUM","name":"Comedy Central","icon":"https:\/\/wp28-images-hu-dynamic.horizon.tv\/HU\/Logos\/focused\/461_6_c_2d430c787e0910ec1ddc3692847fd0a1.png?w=110&h=150&mode=box","description":"","channelno":"7","erotica":"0","minimal":"1","replay":"1","regional":"0","home_only":"0"},"858598439274":{"id":"858598439274","assetid":"http:\/\/upc-hu-5074.live.horizon.tv\/dash\/Comedy_Central_Extra\/manifest.mpd&%%&urn:orion:media:std:nyT28RVJNwqH","name":"Comedy Central Family","icon":"https:\/\/wp1-images-hu-dynamic.horizon.tv\/HU\/Logos\/focused\/CC_Family_2.png?w=110&h=150&mode=box","description":"","channelno":"8","erotica":"0","minimal":"1","replay":"1","regional":"0","home_only":"0"},"858598439182":{"id":"858598439182","assetid":"http:\/\/upc-hu-5042.live.horizon.tv\/dash\/STORY4\/manifest.mpd&%%&urn:orion:media:std:VvwwMWhV6cxL","name":"TV4","icon":"https:\/\/wp11-images-hu-dynamic.horizon.tv\/HU\/Logos\/focused\/TV4.png?w=110&h=150&mode=box","description":"","channelno":"9","erotica":"0","minimal":"1","replay":"1","regional":"0","home_only":"0"},"858598439131":{"id":"858598439131","assetid":"http:\/\/upc-hu-5073.live.horizon.tv\/dash\/Paramount_Channel\/manifest.mpd&%%&urn:orion:media:std:fvkYyYEDjH_L","name":"Paramount Channel","icon":"https:\/\/wp8-images-hu-dynamic.horizon.tv\/HU\/Logos\/focused\/461_119_c_76a4882033687c9390ba7d4365c23fa7.png?w=110&h=150&mode=box","description":"","channelno":"10","erotica":"0","minimal":"1","replay":"1","regional":"0","home_only":"0"},"858598439136":{"id":"858598439136","assetid":"http:\/\/upc-hu-5111.live.horizon.tv\/dash\/RTL_Klub_HD\/manifest.mpd&%%&urn:orion:media:std:V0Bf27Fyzoni","name":"RTL Klub","icon":"https:\/\/wp27-images-hu-dynamic.horizon.tv\/HU\/Logos\/focused\/461_87_c_283358347d7ce9a25ad14d253e9617bb.png?w=110&h=150&mode=box","description":"","channelno":"11","erotica":"0","minimal":"1","replay":"1","regional":"0","home_only":"0"},"858598439210":{"id":"858598439210","assetid":"http:\/\/upc-hu-5112.live.horizon.tv\/dash\/TV2_HD\/manifest.mpd&%%&urn:orion:media:std:qrwB2QrPC9ZY","name":"TV2","icon":"https:\/\/wp2-images-hu-dynamic.horizon.tv\/HU\/Logos\/focused\/461_88_c_c21cbfdbb04c8685b46b96f728fcce44.png?w=110&h=150&mode=box","description":"","channelno":"12","erotica":"0","minimal":"1","replay":"1","regional":"0","home_only":"0"},"858598439204":{"id":"858598439204","assetid":"http:\/\/upc-hu-5048.live.horizon.tv\/dash\/VIASAT3\/manifest.mpd&%%&urn:orion:media:std:nQ8YLRhbmcCl","name":"Viasat3","icon":"https:\/\/wp12-images-hu-dynamic.horizon.tv\/HU\/Logos\/focused\/Viasat3_HD.png?w=110&h=150&mode=box","description":"","channelno":"13","erotica":"0","minimal":"1","replay":"1","regional":"0","home_only":"0"},"858598439205":{"id":"858598439205","assetid":"http:\/\/upc-hu-5049.live.horizon.tv\/dash\/VIASAT6\/manifest.mpd&%%&urn:orion:media:std:_AcV6FMtxY_1","name":"Viasat6","icon":"https:\/\/wp28-images-hu-dynamic.horizon.tv\/HU\/Logos\/focused\/461_3_c_107ecd9c076b3a1b2647379a89d504df.png?w=110&h=150&mode=box","description":"","channelno":"14","erotica":"0","minimal":"1","replay":"1","regional":"0","home_only":"0"},"858598439193":{"id":"858598439193","assetid":"http:\/\/upc-hu-5113.live.horizon.tv\/dash\/Super_TV2_HD\/manifest.mpd&%%&urn:orion:media:std:Kerjx5zTl_sJ","name":"SuperTV2","icon":"https:\/\/wp4-images-hu-dynamic.horizon.tv\/HU\/Logos\/focused\/461_92_c_6104f02834bc83438af9891831d0140a.png?w=110&h=150&mode=box","description":"","channelno":"15","erotica":"0","minimal":"1","replay":"1","regional":"0","home_only":"0"},"858598439221":{"id":"858598439221","assetid":"http:\/\/upc-hu-5066.live.horizon.tv\/dash\/rtl_II\/manifest.mpd&%%&urn:orion:media:std:coh0iKR5LMB8","name":"RTL2","icon":"https:\/\/wp19-images-hu-dynamic.horizon.tv\/HU\/Logos\/focused\/461_107_c_1cae97d83ed8c6dd05e6b5b6952b31fb.png?w=110&h=150&mode=box","description":"","channelno":"16","erotica":"0","minimal":"1","replay":"1","regional":"0","home_only":"0"},"858598439203":{"id":"858598439203","assetid":"http:\/\/upc-hu-5117.live.horizon.tv\/dash\/Mozi_Plus_HD\/manifest.mpd&%%&urn:orion:media:std:cXz47bdwCuRh","name":"Mozi+","icon":"https:\/\/wp18-images-hu-dynamic.horizon.tv\/HU\/Logos\/focused\/461_154_c_a451b10ce5548c109af0c02c04c1db77.png?w=110&h=150&mode=box","description":"","channelno":"17","erotica":"0","minimal":"1","replay":"1","regional":"0","home_only":"0"},"858598439265":{"id":"858598439265","assetid":"http:\/\/upc-hu-5012.live.horizon.tv\/dash\/cool_tv\/manifest.mpd&%%&urn:orion:media:std:pKPmvs7vWIMh","name":"Cool","icon":"https:\/\/wp6-images-hu-dynamic.horizon.tv\/HU\/Logos\/focused\/461_66_c_b0512fcf56051fb60e240a360ced3a57.png?w=110&h=150&mode=box","description":"","channelno":"18","erotica":"0","minimal":"1","replay":"1","regional":"0","home_only":"0"},"858598439266":{"id":"858598439266","assetid":"http:\/\/upc-hu-5013.live.horizon.tv\/dash\/_plus\/manifest.mpd&%%&urn:orion:media:std:OlvlSFVJDuGb","name":"Film+","icon":"https:\/\/wp7-images-hu-dynamic.horizon.tv\/HU\/Logos\/focused\/461_70_c_d9f427b1c54449c2ffc8e16acebaa0e4.png?w=110&h=150&mode=box","description":"","channelno":"19","erotica":"0","minimal":"1","replay":"1","regional":"0","home_only":"0"},"858598439130":{"id":"858598439130","assetid":"http:\/\/upc-hu-5026.live.horizon.tv\/dash\/film_plus_2\/manifest.mpd&%%&urn:orion:media:std:XdTNyxj_8sXW","name":"RTL Gold","icon":"https:\/\/wp6-images-hu-dynamic.horizon.tv\/HU\/Logos\/focused\/RTL_GOLD_c.png?w=110&h=150&mode=box","description":"","channelno":"20","erotica":"0","minimal":"1","replay":"1","regional":"0","home_only":"0"},"858598439165":{"id":"858598439165","assetid":"http:\/\/upc-hu-5068.live.horizon.tv\/dash\/AXN_HD\/manifest.mpd&%%&urn:orion:media:std:u16QdgH35aKV","name":"AXN CE","icon":"https:\/\/wp18-images-hu-dynamic.horizon.tv\/HU\/Logos\/focused\/461_91_c_61e3e9c6d8f628a1a7dd5a802fa6c05c.png?w=110&h=150&mode=box","description":"","channelno":"21","erotica":"0","minimal":"1","replay":"1","regional":"0","home_only":"0"},"858598439149":{"id":"858598439149","assetid":"http:\/\/upc-hu-5057.live.horizon.tv\/dash\/AXN_White\/manifest.mpd&%%&urn:orion:media:std:S4RDZyyfWWte","name":"Sony Max","icon":"https:\/\/wp22-images-hu-dynamic.horizon.tv\/HU\/Logos\/focused\/SONY_MAX.png?w=110&h=150&mode=box","description":"","channelno":"22","erotica":"0","minimal":"1","replay":"1","regional":"0","home_only":"0"},"858598439190":{"id":"858598439190","assetid":"http:\/\/upc-hu-5056.live.horizon.tv\/dash\/AXN_Black\/manifest.mpd&%%&urn:orion:media:std:dLkChWpEXxxP","name":"Sony Movie Channel","icon":"https:\/\/wp12-images-hu-dynamic.horizon.tv\/HU\/Logos\/focused\/Sony_Movie.png?w=110&h=150&mode=box","description":"","channelno":"23","erotica":"0","minimal":"1","replay":"1","regional":"0","home_only":"0"},"858598439201":{"id":"858598439201","assetid":"http:\/\/upc-hu-5004.live.horizon.tv\/dash\/Izaura_TV\/manifest.mpd&%%&urn:orion:media:std:awxsrj6JcvAU","name":"Izaura TV","icon":"https:\/\/wp15-images-hu-dynamic.horizon.tv\/HU\/Logos\/focused\/461_144_c_15ded2667b040b8239e0aa94102b2831.png?w=110&h=150&mode=box","description":"","channelno":"24","erotica":"0","minimal":"1","replay":"1","regional":"0","home_only":"0"},"858598439257":{"id":"858598439257","assetid":"http:\/\/upc-hu-5052.live.horizon.tv\/dash\/Life_Network\/manifest.mpd&%%&urn:orion:media:std:TyjxfUm9HW5H","name":"LifeTV","icon":"https:\/\/wp4-images-hu-dynamic.horizon.tv\/HU\/Logos\/focused\/461_37_c_5ae140a33fe9288b46dcede8af4f015b.png?w=110&h=150&mode=box","description":"","channelno":"25","erotica":"0","minimal":"1","replay":"0","regional":"0","home_only":"0"},"858598439144":{"id":"858598439144","assetid":"http:\/\/upc-hu-5079.live.horizon.tv\/dash\/sorozat_plus\/manifest.mpd&%%&urn:orion:media:std:CeAJfcj6GOux","name":"Sorozat+","icon":"https:\/\/wp9-images-hu-dynamic.horizon.tv\/HU\/Logos\/focused\/461_80_c_b58a5822b41a199dad72018a612e03ab.png?w=110&h=150&mode=box","description":"","channelno":"27","erotica":"0","minimal":"1","replay":"1","regional":"0","home_only":"0"},"858598439167":{"id":"858598439167","assetid":"http:\/\/upc-hu-5016.live.horizon.tv\/dash\/Prime\/manifest.mpd&%%&urn:orion:media:std:cFaxdKcXTYM0","name":"Prime","icon":"https:\/\/wp5-images-hu-dynamic.horizon.tv\/HU\/Logos\/focused\/461_12_c_5ca636e5e0f79decd42f269308668bed.png?w=110&h=150&mode=box","description":"","channelno":"28","erotica":"0","minimal":"1","replay":"1","regional":"0","home_only":"0"},"858598439138":{"id":"858598439138","assetid":"http:\/\/upc-hu-5043.live.horizon.tv\/dash\/Story5\/manifest.mpd&%%&urn:orion:media:std:EEXGMtDyPQxc","name":"Story4","icon":"https:\/\/wp4-images-hu-dynamic.horizon.tv\/HU\/Logos\/focused\/STORY4.png?w=110&h=150&mode=box","description":"","channelno":"29","erotica":"0","minimal":"1","replay":"1","regional":"0","home_only":"0"},"858598439147":{"id":"858598439147","assetid":"http:\/\/upc-hu-5018.live.horizon.tv\/dash\/Film_Mania\/manifest.mpd&%%&urn:orion:media:std:KoEB2u28x_LM","name":"Film Mania","icon":"https:\/\/wp6-images-hu-dynamic.horizon.tv\/HU\/Logos\/focused\/461_9_c_714de3eec92df3993fbd588437750403.png?w=110&h=150&mode=box","description":"","channelno":"50","erotica":"0","minimal":"1","replay":"1","regional":"0","home_only":"0"},"858598439215":{"id":"858598439215","assetid":"http:\/\/upc-hu-5017.live.horizon.tv\/dash\/Film_Cafe\/manifest.mpd&%%&urn:orion:media:std:CeoTGAio7ky0","name":"FilmCafe","icon":"https:\/\/wp27-images-hu-dynamic.horizon.tv\/HU\/Logos\/focused\/461_36_c_35909f553b3f894d1efcf5ee67d62856.png?w=110&h=150&mode=box","description":"","channelno":"51","erotica":"0","minimal":"1","replay":"1","regional":"0","home_only":"0"},"858598439151":{"id":"858598439151","assetid":"http:\/\/upc-hu-5063.live.horizon.tv\/dash\/rtl_plus\/manifest.mpd&%%&urn:orion:media:std:fTut0rF2EG6t","name":"RTL+","icon":"https:\/\/wp26-images-hu-dynamic.horizon.tv\/HU\/Logos\/focused\/461_77_c_935916ef1d0f9335bd4cf4b2df2e0700.png?w=110&h=150&mode=box","description":"","channelno":"52","erotica":"0","minimal":"1","replay":"1","regional":"0","home_only":"0"},"858598439158":{"id":"858598439158","assetid":"http:\/\/upc-hu-5062.live.horizon.tv\/dash\/MGM\/manifest.mpd&%%&urn:orion:media:std:WTVTVKKCvNQM","name":"AMC HU","icon":"https:\/\/wp15-images-hu-dynamic.horizon.tv\/HU\/Logos\/focused\/461_10_c_1ea569f3a9e35cc16d8b3b175946fd50.png?w=110&h=150&mode=box","description":"","channelno":"53","erotica":"0","minimal":"1","replay":"1","regional":"0","home_only":"0"},"858598439226":{"id":"858598439226","assetid":"http:\/\/upc-hu-5110.live.horizon.tv\/dash\/Spiler_TV_HD\/manifest.mpd&%%&urn:orion:media:std:b_9L6pmkdkQw","name":"Spiler1 TV","icon":"https:\/\/wp12-images-hu-dynamic.horizon.tv\/HU\/Logos\/focused\/Spiler1_HD.png?w=110&h=150&mode=box","description":"","channelno":"54","erotica":"0","minimal":"1","replay":"0","regional":"0","home_only":"0"},"858598439285":{"id":"858598439285","assetid":"http:\/\/upc-hu-5116.live.horizon.tv\/dash\/Humor_Plus\/manifest.mpd&%%&urn:orion:media:std:tfYfVg4xBIAm","name":"TV2 Comedy","icon":"https:\/\/wp11-images-hu-dynamic.horizon.tv\/HU\/Logos\/focused\/461_152_c_fdb09ce8eca93bb130b1176738a31a6c.png?w=110&h=150&mode=box","description":"","channelno":"55","erotica":"0","minimal":"1","replay":"0","regional":"0","home_only":"0"},"858598439288":{"id":"858598439288","assetid":"http:\/\/upc-hu-5019.live.horizon.tv\/dash\/FilmBox\/manifest.mpd&%%&urn:orion:media:std:qGNntEnANsSS","name":"Filmbox Basic","icon":"https:\/\/wp4-images-hu-dynamic.horizon.tv\/HU\/Logos\/focused\/461_39_c_14def19b7d06cb11201738e86ea989c1.png?w=110&h=150&mode=box","description":"","channelno":"56","erotica":"0","minimal":"1","replay":"0","regional":"0","home_only":"0"},"858598439248":{"id":"858598439248","assetid":"http:\/\/upc-hu-5045.live.horizon.tv\/dash\/TLC\/manifest.mpd&%%&urn:orion:media:std:3ylofXe4dGjm","name":"TLC","icon":"https:\/\/wp22-images-hu-dynamic.horizon.tv\/HU\/Logos\/focused\/461_13_c_e7ac96f07f5c8c8bec3f8aa09456e510.png?w=110&h=150&mode=box","description":"","channelno":"57","erotica":"0","minimal":"1","replay":"0","regional":"0","home_only":"0"},"858598439249":{"id":"858598439249","assetid":"http:\/\/upc-hu-5088.live.horizon.tv\/dash\/MTV\/manifest.mpd&%%&urn:orion:media:std:phEvYiz1BMMD","name":"MTV","icon":"https:\/\/wp20-images-hu-dynamic.horizon.tv\/HU\/Logos\/focused\/461_14_c_ff8b19c61d9c13a68691d5a7b7c13ed1.png?w=110&h=150&mode=box","description":"","channelno":"58","erotica":"0","minimal":"1","replay":"0","regional":"0","home_only":"0"},"858598439180":{"id":"858598439180","assetid":"http:\/\/upc-hu-5093.live.horizon.tv\/dash\/Galaxy\/manifest.mpd&%%&urn:orion:media:std:zs6W8fpGN_FE","name":"Galaxy","icon":"https:\/\/wp8-images-hu-dynamic.horizon.tv\/HU\/Logos\/focused\/GALAXY4.png?w=110&h=150&mode=box","description":"","channelno":"59","erotica":"0","minimal":"1","replay":"0","regional":"0","home_only":"0"},"858598439181":{"id":"858598439181","assetid":"http:\/\/upc-hu-5092.live.horizon.tv\/dash\/Epic_Drama\/manifest.mpd&%%&urn:orion:media:std:qSYzg0TJgNpU","name":"Epic Drama","icon":"https:\/\/wp7-images-hu-dynamic.horizon.tv\/HU\/Logos\/focused\/epic_drama.png?w=110&h=150&mode=box","description":"","channelno":"61","erotica":"0","minimal":"1","replay":"0","regional":"0","home_only":"0"},"858598439176":{"id":"858598439176","assetid":"http:\/\/upc-hu-5109.live.horizon.tv\/dash\/ATV_HD\/manifest.mpd&%%&urn:orion:media:std:B5v9drZ7Z3ZC","name":"ATV","icon":"https:\/\/wp23-images-hu-dynamic.horizon.tv\/HU\/Logos\/focused\/atv_hd.png?w=110&h=150&mode=box","description":"","channelno":"62","erotica":"0","minimal":"1","replay":"0","regional":"0","home_only":"0"},"858598439267":{"id":"858598439267","assetid":"http:\/\/upc-hu-5021.live.horizon.tv\/dash\/HirTV\/manifest.mpd&%%&urn:orion:media:std:AchH72Znayo4","name":"HirTV","icon":"https:\/\/wp16-images-hu-dynamic.horizon.tv\/HU\/Logos\/focused\/461_72_c_8c438f56a055eb522959f7d1d67c3316.png?w=110&h=150&mode=box","description":"","channelno":"65","erotica":"0","minimal":"1","replay":"0","regional":"0","home_only":"0"},"944357927221":{"id":"944357927221","assetid":"http:\/\/upc-hu-5083.live.horizon.tv\/dash\/PestiTV\/manifest.mpd&%%&urn:orion:media:std:E6warqnml_qF","name":"Pesti TV","icon":"https:\/\/wp6-images-hu-dynamic.horizon.tv\/HU\/Logos\/focused\/pestitv.png?w=110&h=150&mode=box","description":"","channelno":"71","erotica":"0","minimal":"1","replay":"0","regional":"0","home_only":"0"},"858598439218":{"id":"858598439218","assetid":"http:\/\/upc-hu-5094.live.horizon.tv\/dash\/HBO\/manifest.mpd&%%&urn:orion:media:std:3iQGDlk_TEvc","name":"HBO HU SD","icon":"https:\/\/wp6-images-hu-dynamic.horizon.tv\/HU\/Logos\/focused\/461_54_c_8fbca6ff1964a45dfeb5bb287453fc2a.png?w=110&h=150&mode=box","description":"","channelno":"901","erotica":"1","minimal":"0","replay":"0","regional":"0","home_only":"0"},"858598439222":{"id":"858598439222","assetid":"http:\/\/upc-hu-5082.live.horizon.tv\/dash\/HBO_HD\/manifest.mpd&%%&urn:orion:media:std:ADpz3UWVqo8k","name":"HBO HU","icon":"https:\/\/wp9-images-hu-dynamic.horizon.tv\/HU\/Logos\/focused\/461_111_c_303f4a96c325cb5044e8cf71a0bfb654.png?w=110&h=150&mode=box","description":"","channelno":"902","erotica":"1","minimal":"0","replay":"0","regional":"0","home_only":"0"},"858598439219":{"id":"858598439219","assetid":"http:\/\/upc-hu-5095.live.horizon.tv\/dash\/HBO2\/manifest.mpd&%%&urn:orion:media:std:g3GeWLUOlId2","name":"HBO2","icon":"https:\/\/wp4-images-hu-dynamic.horizon.tv\/HU\/Logos\/focused\/461_55_c_8e0ece8d8843603ea5711c724413d475.png?w=110&h=150&mode=box","description":"","channelno":"903","erotica":"1","minimal":"0","replay":"0","regional":"0","home_only":"0"},"858598439139":{"id":"858598439139","assetid":"http:\/\/upc-hu-5096.live.horizon.tv\/dash\/HBO_3\/manifest.mpd&%%&urn:orion:media:std:ZWcmcD2v15Pz","name":"HBO3","icon":"https:\/\/wp24-images-hu-dynamic.horizon.tv\/HU\/Logos\/focused\/461_56_c_2c8b41c50b1a67e73ccf240b246102e3.png?w=110&h=150&mode=box","description":"","channelno":"904","erotica":"1","minimal":"0","replay":"0","regional":"0","home_only":"0"},"858598439145":{"id":"858598439145","assetid":"http:\/\/upc-hu-5097.live.horizon.tv\/dash\/Cinemax\/manifest.mpd&%%&urn:orion:media:std:w3w_KO0drs1Y","name":"Cinemax","icon":"https:\/\/wp13-images-hu-dynamic.horizon.tv\/HU\/Logos\/focused\/461_57_c_702387d96e1e92a5a7b40a4942ff619c.png?w=110&h=150&mode=box","description":"","channelno":"905","erotica":"1","minimal":"0","replay":"0","regional":"0","home_only":"0"},"858598439137":{"id":"858598439137","assetid":"http:\/\/upc-hu-5098.live.horizon.tv\/dash\/Cinemax2\/manifest.mpd&%%&urn:orion:media:std:4wwRa9Y_KKA2","name":"Cinemax 2","icon":"https:\/\/wp7-images-hu-dynamic.horizon.tv\/HU\/Logos\/focused\/461_58_c_5fb7cce80035ab930db6e075d2211610.png?w=110&h=150&mode=box","description":"","channelno":"906","erotica":"1","minimal":"0","replay":"0","regional":"0","home_only":"0"},"858598439142":{"id":"858598439142","assetid":"http:\/\/upc-hu-5102.live.horizon.tv\/dash\/FilmBox_Extra_HD\/manifest.mpd&%%&urn:orion:media:std:bj3PWZVOCWL3","name":"Filmbox Extra HD","icon":"https:\/\/wp21-images-hu-dynamic.horizon.tv\/HU\/Logos\/focused\/461_114_c_d837c37e1f6ea3f4133344f84552980a.png?w=110&h=150&mode=box","description":"","channelno":"101","erotica":"0","minimal":"1","replay":"1","regional":"0","home_only":"0"},"858598439156":{"id":"858598439156","assetid":"http:\/\/upc-hu-5020.live.horizon.tv\/dash\/FilmBox_Extra\/manifest.mpd&%%&urn:orion:media:std:KlQVbO_UzAgv","name":"Filmbox Premium","icon":"https:\/\/wp24-images-hu-dynamic.horizon.tv\/HU\/Logos\/focused\/461_59_c_a31fc6cb849a78fa0cbbaa9abceaa86c.png?w=110&h=150&mode=box","description":"","channelno":"102","erotica":"0","minimal":"1","replay":"1","regional":"0","home_only":"0"},"858598439169":{"id":"858598439169","assetid":"ttp:\/\/upc-hu-5059.live.horizon.tv\/dash\/FilmBox_Family\/manifest.mpd&%%&urn:orion:media:std:Oh3s9Y7pnAZY","name":"Filmbox Family","icon":"https:\/\/wp28-images-hu-dynamic.horizon.tv\/HU\/Logos\/focused\/461_60_c_7a584cb448a8b3e26bc7d2c542a4de7d.png?w=110&h=150&mode=box","description":"","channelno":"103","erotica":"0","minimal":"1","replay":"1","regional":"0","home_only":"0"},"858598439143":{"id":"858598439143","assetid":"http:\/\/upc-hu-5058.live.horizon.tv\/dash\/FilmBox_Plus\/manifest.mpd&%%&urn:orion:media:std:gS8qa44rxmZr","name":"Filmbox Plus","icon":"https:\/\/wp8-images-hu-dynamic.horizon.tv\/HU\/Logos\/focused\/461_61_c_1001b0de3c7b96c753549c3903301461.png?w=110&h=150&mode=box","description":"","channelno":"104","erotica":"0","minimal":"1","replay":"1","regional":"0","home_only":"0"},"858598439177":{"id":"858598439177","assetid":"http:\/\/upc-hu-5104.live.horizon.tv\/dash\/Sport1_HD\/manifest.mpd&%%&urn:orion:media:std:x4XoGyQjKdBj","name":"Sport1","icon":"https:\/\/wp21-images-hu-dynamic.horizon.tv\/HU\/Logos\/focused\/461_95_c_81d797dc1875a4b226601ce9bae320b4.png?w=110&h=150&mode=box","description":"","channelno":"120","erotica":"0","minimal":"1","replay":"1","regional":"0","home_only":"0"},"858598439179":{"id":"858598439179","assetid":"http:\/\/upc-hu-5105.live.horizon.tv\/dash\/Sport2_HD\/manifest.mpd&%%&urn:orion:media:std:92JhXyK8iefQ","name":"Sport2","icon":"https:\/\/wp13-images-hu-dynamic.horizon.tv\/HU\/Logos\/focused\/461_113_c_2232d2bfa790148e5396e4e80ac9c84f.png?w=110&h=150&mode=box","description":"","channelno":"122","erotica":"0","minimal":"1","replay":"1","regional":"0","home_only":"0"},"858598439178":{"id":"858598439178","assetid":"http:\/\/upc-hu-5090.live.horizon.tv\/dash\/Eurosport_HD\/manifest.mpd&%%&urn:orion:media:std:A3zPYXeOO9ty","name":"Eurosport 1","icon":"https:\/\/wp15-images-hu-dynamic.horizon.tv\/HU\/Logos\/focused\/461_96_c_ca3980b98fec35f1c04113ae95b4cd48.png?w=110&h=150&mode=box","description":"","channelno":"123","erotica":"0","minimal":"1","replay":"1","regional":"0","home_only":"0"},"858598439152":{"id":"858598439152","assetid":"http:\/\/upc-hu-5091.live.horizon.tv\/dash\/Eurosport2_HD\/manifest.mpd&%%&urn:orion:media:std:GWE5w9kBpP5B","name":"Eurosport 2","icon":"https:\/\/wp26-images-hu-dynamic.horizon.tv\/HU\/Logos\/focused\/461_97_c_947db48db585fe4fb87463d7f3160a5d.png?w=110&h=150&mode=box","description":"","channelno":"124","erotica":"0","minimal":"1","replay":"1","regional":"0","home_only":"0"},"858598439259":{"id":"858598439259","assetid":"http:\/\/upc-hu-5010.live.horizon.tv\/dash\/Fishing_Hunting_HU\/manifest.mpd&%%&urn:orion:media:std:uyJd0b21oIjK","name":"Fishing and Hunting","icon":"https:\/\/wp12-images-hu-dynamic.horizon.tv\/HU\/Logos\/focused\/461_41_c_1bf19e734f9a08adad1242a09c533976.png?w=110&h=150&mode=box","description":"","channelno":"125","erotica":"0","minimal":"1","replay":"0","regional":"0","home_only":"0"},"858598439216":{"id":"858598439216","assetid":"http:\/\/upc-hu-5047.live.horizon.tv\/dash\/Extreme_Sports_Channel\/manifest.mpd&%%&urn:orion:media:std:MgfekkEasV2r","name":"Extreme Sports Channel","icon":"https:\/\/wp26-images-hu-dynamic.horizon.tv\/HU\/Logos\/focused\/461_42_c_0ef4cff47ec312b10fb7b4f9cb0a037c.png?w=110&h=150&mode=box","description":"","channelno":"126","erotica":"0","minimal":"1","replay":"0","regional":"0","home_only":"0"},"923377703087":{"id":"923377703087","assetid":"http:\/\/upc-hu-5118.live.horizon.tv\/dash\/Arena4\/manifest.mpd&%%&urn:orion:media:std:8IeI3G0GDFgK","name":"Arena4","icon":"https:\/\/wp15-images-hu-dynamic.horizon.tv\/HU\/Logos\/focused\/arena4.png?w=110&h=150&mode=box","description":"","channelno":"128","erotica":"0","minimal":"1","replay":"1","regional":"0","home_only":"0"},"858598439155":{"id":"858598439155","assetid":"http:\/\/upc-hu-5107.live.horizon.tv\/dash\/Spektrum_HD\/manifest.mpd&%%&urn:orion:media:std:8XjEbzUhforg","name":"Spektrum","icon":"https:\/\/wp16-images-hu-dynamic.horizon.tv\/HU\/Logos\/focused\/461_94_c_319b6fa637db647baee55f759d72c1ac.png?w=110&h=150&mode=box","description":"","channelno":"129","erotica":"0","minimal":"1","replay":"1","regional":"0","home_only":"0"},"858598439263":{"id":"858598439263","assetid":"http:\/\/upc-hu-5069.live.horizon.tv\/dash\/Nat_Geo_HD\/manifest.mpd&%%&urn:orion:media:std:zbYEc8DYqVaj","name":"National Geographic","icon":"https:\/\/wp7-images-hu-dynamic.horizon.tv\/HU\/Logos\/focused\/461_62_c_e506e764cb091cd09d5eaf5e23ee5909.png?w=110&h=150&mode=box","description":"","channelno":"132","erotica":"0","minimal":"1","replay":"0","regional":"0","home_only":"0"},"858598439271":{"id":"858598439271","assetid":"http:\/\/upc-hu-5089.live.horizon.tv\/dash\/Nat_Geo_Wild_HD\/manifest.mpd&%%&urn:orion:media:std:vdogC1f5srJW","name":"National Geographic Wild","icon":"https:\/\/wp13-images-hu-dynamic.horizon.tv\/HU\/Logos\/focused\/461_99_c_d69dce465c15f42d01df92ed462a999d.png?w=110&h=150&mode=box","description":"","channelno":"133","erotica":"0","minimal":"1","replay":"0","regional":"0","home_only":"0"},"858598439255":{"id":"858598439255","assetid":"http:\/\/upc-hu-5006.live.horizon.tv\/dash\/Discovery_Channel\/manifest.mpd&%%&urn:orion:media:std:rDOxuzvf392M","name":"Discovery Channel","icon":"https:\/\/wp13-images-hu-dynamic.horizon.tv\/HU\/Logos\/focused\/461_26_c_82ca6dfebfa6a4a7f1c1b57ff8185721.png?w=110&h=150&mode=box","description":"","channelno":"134","erotica":"0","minimal":"1","replay":"0","regional":"0","home_only":"0"},"858598439159":{"id":"858598439159","assetid":"http:\/\/upc-hu-5001.live.horizon.tv\/dash\/Animal_Planet\/manifest.mpd&%%&urn:orion:media:std:D1r4F7I2jWIr","name":"Animal Planet","icon":"https:\/\/wp11-images-hu-dynamic.horizon.tv\/HU\/Logos\/focused\/461_27_c_7961707e7fb1e2743695f29d92bdffe6.png?w=110&h=150&mode=box","description":"","channelno":"136","erotica":"0","minimal":"1","replay":"1","regional":"0","home_only":"0"},"858598439228":{"id":"858598439228","assetid":"http:\/\/upc-hu-5008.live.horizon.tv\/dash\/DTX\/manifest.mpd&%%&urn:orion:media:std:9mp_QslEmvnu","name":"Discovery Turbo Xtra","icon":"https:\/\/wp12-images-hu-dynamic.horizon.tv\/HU\/Logos\/focused\/461_155_c_35cf2f46edc01967e663b47a827cd709.png?w=110&h=150&mode=box","description":"","channelno":"140","erotica":"0","minimal":"1","replay":"1","regional":"0","home_only":"0"},"858598439207":{"id":"858598439207","assetid":"http:\/\/upc-hu-5007.live.horizon.tv\/dash\/Discovery_Science\/manifest.mpd&%%&urn:orion:media:std:BhNnXxZIUQr9","name":"Discovery Science","icon":"https:\/\/wp26-images-hu-dynamic.horizon.tv\/HU\/Logos\/focused\/SCI.png?w=110&h=150&mode=box","description":"","channelno":"202","erotica":"0","minimal":"1","replay":"1","regional":"0","home_only":"0"},"858598439160":{"id":"858598439160","assetid":"http:\/\/upc-hu-5023.live.horizon.tv\/dash\/ID_Discovery\/manifest.mpd&%%&urn:orion:media:std:w2fRuOLUpYjC","name":"Investigation Discovery","icon":"https:\/\/wp17-images-hu-dynamic.horizon.tv\/HU\/Logos\/focused\/ID.png?w=110&h=150&mode=box","description":"","channelno":"204","erotica":"0","minimal":"1","replay":"1","regional":"0","home_only":"0"},"858598439217":{"id":"858598439217","assetid":"http:\/\/upc-hu-5022.live.horizon.tv\/dash\/HISTORY\/manifest.mpd&%%&urn:orion:media:std:bvcETSLZ64r8","name":"History","icon":"https:\/\/wp16-images-hu-dynamic.horizon.tv\/HU\/Logos\/focused\/461_47_c_1515c6305af70fd98261502f241697ec.png?w=110&h=150&mode=box","description":"","channelno":"205","erotica":"0","minimal":"1","replay":"1","regional":"0","home_only":"0"},"858598439258":{"id":"858598439258","assetid":"http:\/\/upc-hu-5077.live.horizon.tv\/dash\/OzoneNetwork\/manifest.mpd&%%&urn:orion:media:std:R7byJZnDb5U6","name":"OzoneTV","icon":"https:\/\/wp19-images-hu-dynamic.horizon.tv\/HU\/Logos\/focused\/461_38_c_9937e9614eb806a5daf7ab55b3e8547b.png?w=110&h=150&mode=box","description":"","channelno":"208","erotica":"0","minimal":"1","replay":"0","regional":"0","home_only":"0"},"858598439198":{"id":"858598439198","assetid":"http:\/\/upc-hu-5039.live.horizon.tv\/dash\/Viasat_Explorer_HU\/manifest.mpd&%%&urn:orion:media:std:V53bDc09318Z","name":"Viasat Explore","icon":"https:\/\/wp25-images-hu-dynamic.horizon.tv\/HU\/Logos\/focused\/461_46_c_2070a8b27ed67f8aad0b62b622ca2b55.png?w=110&h=150&mode=box","description":"","channelno":"222","erotica":"0","minimal":"1","replay":"0","regional":"0","home_only":"0"},"858598439200":{"id":"858598439200","assetid":"http:\/\/upc-hu-5067.live.horizon.tv\/dash\/Viasat_Nature_History_HD\/manifest.mpd&%%&urn:orion:media:std:6UYmiNWh4v23","name":"Viasat Nature","icon":"https:\/\/wp18-images-hu-dynamic.horizon.tv\/HU\/Logos\/focused\/461_108_c_2858285c7f394d96d6a4eb7e3343b2f2.png?w=110&h=150&mode=box","description":"","channelno":"230","erotica":"0","minimal":"1","replay":"0","regional":"0","home_only":"0"},"858598439281":{"id":"858598439281","assetid":"http:\/\/upc-hu-5108.live.horizon.tv\/dash\/Travel_Channel_HD\/manifest.mpd&%%&urn:orion:media:std:hbCdi4yfdHJA","name":"Travel","icon":"https:\/\/wp14-images-hu-dynamic.horizon.tv\/HU\/Logos\/focused\/461_70017_c_823aa1520849e2bbadb9458746be492d.png?w=110&h=150&mode=box","description":"","channelno":"250","erotica":"0","minimal":"1","replay":"0","regional":"0","home_only":"0"},"858598439261":{"id":"858598439261","assetid":"http:\/\/upc-hu-5024.live.horizon.tv\/dash\/Da_Vinci_Learning\/manifest.mpd&%%&urn:orion:media:std:4wCZQxkC9uP_","name":"Da Vinci Learning","icon":"https:\/\/wp11-images-hu-dynamic.horizon.tv\/HU\/Logos\/focused\/davinci_tv.png?w=110&h=150&mode=box","description":"","channelno":"303","erotica":"0","minimal":"1","replay":"0","regional":"0","home_only":"0"},"858598439270":{"id":"858598439270","assetid":"http:\/\/upc-hu-5034.live.horizon.tv\/dash\/TV_Paprika\/manifest.mpd&%%&urn:orion:media:std:ovu984DWxE8U","name":"TV Paprika","icon":"https:\/\/wp18-images-hu-dynamic.horizon.tv\/HU\/Logos\/focused\/461_83_c_b69b782c5646f3f76ff133acfb5f24f2.png?w=110&h=150&mode=box","description":"","channelno":"304","erotica":"0","minimal":"1","replay":"0","regional":"0","home_only":"0"},"858598439253":{"id":"858598439253","assetid":"http:\/\/upc-hu-5037.live.horizon.tv\/dash\/Spektrum_Home\/manifest.mpd&%%&urn:orion:media:std:wxX5ymVJPLsR","name":"Spektrum Home","icon":"https:\/\/wp8-images-hu-dynamic.horizon.tv\/HU\/Logos\/focused\/461_24_c_ffc50b0d93e2b2e04f12784222486998.png?w=110&h=150&mode=box","description":"","channelno":"305","erotica":"0","minimal":"1","replay":"0","regional":"0","home_only":"0"},"858598439230":{"id":"858598439230","assetid":"http:\/\/upc-hu-5115.live.horizon.tv\/dash\/Chili_TV\/manifest.mpd&%%&urn:orion:media:std:N0BfT7PuAEDF","name":"LiChi TV","icon":"https:\/\/wp12-images-hu-dynamic.horizon.tv\/HU\/Logos\/focused\/461_151_c_a46dd5c569d78d934654b8f10f435b5e.png?w=110&h=150&mode=box","description":"","channelno":"306","erotica":"0","minimal":"1","replay":"1","regional":"0","home_only":"0"},"858598439224":{"id":"858598439224","assetid":"http:\/\/upc-hu-5075.live.horizon.tv\/dash\/Food_Network\/manifest.mpd&%%&urn:orion:media:std:fItUvWEa_3xt","name":"Food Network","icon":"https:\/\/wp27-images-hu-dynamic.horizon.tv\/HU\/Logos\/focused\/461_138_c_176b1d9585bcf5d695c42cd863cb08bc.png?w=110&h=150&mode=box","description":"","channelno":"307","erotica":"0","minimal":"1","replay":"1","regional":"0","home_only":"0"},"858598439202":{"id":"858598439202","assetid":"http:\/\/upc-hu-5103.live.horizon.tv\/dash\/FEM3_New\/manifest.mpd&%%&urn:orion:media:std:X_lkUtu_mJ_d","name":"FEM3","icon":"https:\/\/wp27-images-hu-dynamic.horizon.tv\/HU\/Logos\/focused\/461_146_c_af4a804d60d620b4a69f1de14c465be5.png?w=110&h=150&mode=box","description":"","channelno":"309","erotica":"0","minimal":"1","replay":"0","regional":"0","home_only":"0"},"858598439256":{"id":"858598439256","assetid":"http:\/\/upc-hu-5009.live.horizon.tv\/dash\/Disney_Channel\/manifest.mpd&%%urn:orion:media:std:vjNv_iAy_m3C","name":"Disney Channel","icon":"https:\/\/wp7-images-hu-dynamic.horizon.tv\/HU\/Logos\/focused\/461_30_c_587513d235e7d33c3dd7d87a80e68770.png?w=110&h=150&mode=box","description":"","channelno":"310","erotica":"0","minimal":"1","replay":"0","regional":"0","home_only":"0"},"858598439208":{"id":"858598439208","assetid":"http:\/\/upc-hu-5071.live.horizon.tv\/dash\/Nickelodeon\/manifest.mpd&%%&urn:orion:media:std:rQrBRV0GDE1m","name":"Nickelodeon HU","icon":"https:\/\/wp10-images-hu-dynamic.horizon.tv\/HU\/Logos\/focused\/461_50_c_8520e9bd2f77179c64cd128499cea65a.png?w=110&h=150&mode=box","description":"","channelno":"311","erotica":"0","minimal":"1","replay":"1","regional":"0","home_only":"0"},"858598439162":{"id":"858598439162","assetid":"http:\/\/upc-hu-5087.live.horizon.tv\/dash\/RTL_Spike\/manifest.mpd&%%&urn:orion:media:std:Lkc68Pyuh2B5","name":"RTL Spike","icon":"https:\/\/wp6-images-hu-dynamic.horizon.tv\/HU\/Logos\/focused\/teennick.png?w=110&h=150&mode=box","description":"","channelno":"312","erotica":"0","minimal":"1","replay":"1","regional":"0","home_only":"0"},"858598439212":{"id":"858598439212","assetid":"http:\/\/upc-hu-5070.live.horizon.tv\/dash\/Nick_Junior\/manifest.mpd&%%&urn:orion:media:std:30EQX3iUmq1X","name":"Nick Jr. HU","icon":"https:\/\/wp10-images-hu-dynamic.horizon.tv\/HU\/Logos\/focused\/461_121_c_fd50f65ad9354813a54a5ab2dc039088.png?w=110&h=150&mode=box","description":"","channelno":"401","erotica":"0","minimal":"1","replay":"1","regional":"0","home_only":"0"},"858598439268":{"id":"858598439268","assetid":"http:\/\/upc-hu-5030.live.horizon.tv\/dash\/Minimax_C8\/manifest.mpd&%%&urn:orion:media:std:OPHeHkIuhe__","name":"Minimax","icon":"https:\/\/wp16-images-hu-dynamic.horizon.tv\/HU\/Logos\/focused\/461_73_c_103e21069c8675a00b8936821050a6e1.png?w=110&h=150&mode=box","description":"","channelno":"402","erotica":"0","minimal":"1","replay":"1","regional":"0","home_only":"0"},"858598439191":{"id":"858598439191","assetid":"http:\/\/upc-hu-5029.live.horizon.tv\/dash\/Megamax\/manifest.mpd&%%&urn:orion:media:std:G7s095pcbhwn","name":"Boomerang","icon":"https:\/\/wp26-images-hu-dynamic.horizon.tv\/HU\/Logos\/focused\/boomerang.png?w=110&h=150&mode=box","description":"","channelno":"403","erotica":"0","minimal":"1","replay":"1","regional":"0","home_only":"0"},"858598439206":{"id":"858598439206","assetid":"http:\/\/upc-hu-5003.live.horizon.tv\/dash\/Cartoon_Network_TCM\/manifest.mpd&%%&urn:orion:media:std:Jad0etYiXkgN","name":"Cartoon Network","icon":"https:\/\/wp23-images-hu-dynamic.horizon.tv\/HU\/Logos\/focused\/461_31_c_705dda98b9593e612b0a64a6389021ca.png?w=110&h=150&mode=box","description":"","channelno":"404","erotica":"0","minimal":"1","replay":"1","regional":"0","home_only":"0"},"858598439262":{"id":"858598439262","assetid":"http:\/\/upc-hu-5060.live.horizon.tv\/dash\/JimJam_HU\/manifest.mpd&%%&urn:orion:media:std:y5kCpovoGa4t","name":"JimJam","icon":"https:\/\/wp8-images-hu-dynamic.horizon.tv\/HU\/Logos\/focused\/461_52_c_1e53ffb303119039226c2fcaf7506b9e.png?w=110&h=150&mode=box","description":"","channelno":"405","erotica":"0","minimal":"1","replay":"0","regional":"0","home_only":"0"},"858598439231":{"id":"858598439231","assetid":"http:\/\/upc-hu-5002.live.horizon.tv\/dash\/BabyTV\/manifest.mpd&%%&urn:orion:media:std:4vifT5fWqVLt","name":"Baby TV","icon":"https:\/\/wp4-images-hu-dynamic.horizon.tv\/HU\/Logos\/focused\/461_70012_c_ec02743f8b2b9fb6ccb8637f5f22d744.png?w=110&h=150&mode=box","description":"","channelno":"406","erotica":"0","minimal":"1","replay":"0","regional":"0","home_only":"0"},"858598439229":{"id":"858598439229","assetid":"http:\/\/upc-hu-5114.live.horizon.tv\/dash\/Kiwi_TV\/manifest.mpd&%%&urn:orion:media:std:dRsquJ6MQ1oZ","name":"Kiwi TV","icon":"https:\/\/wp24-images-hu-dynamic.horizon.tv\/HU\/Logos\/focused\/461_150_c_c9e4365f56a541b050dc88c97f955cdc.png?w=110&h=150&mode=box","description":"","channelno":"411","erotica":"0","minimal":"1","replay":"1","regional":"0","home_only":"0"},"875461159351":{"id":"875461159351","assetid":"http:\/\/upc-hu-5099.live.horizon.tv\/dash\/Nicktoons\/manifest.mpd&%%&urn:orion:media:std:2n386lSf9Kry","name":"NickToons","icon":"https:\/\/wp22-images-hu-dynamic.horizon.tv\/HU\/Logos\/focused\/nicktoons.png?w=110&h=150&mode=box","description":"","channelno":"412","erotica":"0","minimal":"1","replay":"0","regional":"0","home_only":"0"},"858598439150":{"id":"858598439150","assetid":"http:\/\/upc-hu-5025.live.horizon.tv\/dash\/muzsika_tv\/manifest.mpd&%%&urn:orion:media:std:ACyqCWqT6Smj","name":"Muzsika TV","icon":"https:\/\/wp5-images-hu-dynamic.horizon.tv\/HU\/Logos\/focused\/461_74_c_081ac334bbdd650ccee8414ab054f067.png?w=110&h=150&mode=box","description":"","channelno":"421","erotica":"0","minimal":"1","replay":"1","regional":"0","home_only":"0"},"858598439166":{"id":"858598439166","assetid":"http:\/\/upc-hu-5050.live.horizon.tv\/dash\/Zenebutik\/manifest.mpd&%%&urn:orion:media:std:8JAU2z_NUtQO","name":"Zenebutik","icon":"https:\/\/wp5-images-hu-dynamic.horizon.tv\/HU\/Logos\/focused\/461_145_c_4c09ce9ad5976fe11cfc2d28388209d9.png?w=110&h=150&mode=box","description":"","channelno":"422","erotica":"0","minimal":"1","replay":"1","regional":"0","home_only":"0"},"858598439128":{"id":"858598439128","assetid":"http:\/\/upc-hu-5076.live.horizon.tv\/dash\/MTV_Hits_HU\/manifest.mpd&%%&urn:orion:media:std:psWeWxLu_Y9X","name":"MTV Hits","icon":"https:\/\/wp19-images-hu-dynamic.horizon.tv\/HU\/Logos\/focused\/MtvHits.png?w=110&h=150&mode=box","description":"","channelno":"423","erotica":"0","minimal":"1","replay":"1","regional":"0","home_only":"0"},"858598439133":{"id":"858598439133","assetid":"http:\/\/upc-hu-5078.live.horizon.tv\/dash\/MTV_Rocks\/manifest.mpd&%%&urn:orion:media:std:XJcpBOZEb8tR","name":"MTV Rocks","icon":"https:\/\/wp6-images-hu-dynamic.horizon.tv\/HU\/Logos\/focused\/461_70021_c_76ccfbeced78daad95280d3e94782862.png?w=110&h=150&mode=box","description":"","channelno":"424","erotica":"0","minimal":"1","replay":"1","regional":"0","home_only":"0"},"858598439238":{"id":"858598439238","assetid":"http:\/\/upc-hu-5064.live.horizon.tv\/dash\/VH1\/manifest.mpd&%%&urn:orion:media:std:gOemUgXJJmgu","name":"VH1","icon":"https:\/\/wp17-images-hu-dynamic.horizon.tv\/HU\/Logos\/focused\/461_70022_c_f3ddc172b0554b099f6e3253b5ea17e9.png?w=110&h=150&mode=box","description":"","channelno":"425","erotica":"0","minimal":"1","replay":"1","regional":"0","home_only":"0"},"858598439132":{"id":"858598439132","assetid":"http:\/\/upc-hu-5005.live.horizon.tv\/dash\/CNN_International\/manifest.mpd&%%&urn:orion:media:std:vMOfWAvUcktg","name":"CNN","icon":"https:\/\/wp17-images-hu-dynamic.horizon.tv\/HU\/Logos\/focused\/461_70007_c_fbc593dfe40e7ba9e1c975440495a9cc.png?w=110&h=150&mode=box","description":"","channelno":"426","erotica":"0","minimal":"1","replay":"1","regional":"0","home_only":"0"},"858598439237":{"id":"858598439237","assetid":"http:\/\/upc-hu-5011.live.horizon.tv\/dash\/Euronews\/manifest.mpd&%%&urn:orion:media:std:_wOLYTTo2B2W","name":"Euronews","icon":"https:\/\/wp21-images-hu-dynamic.horizon.tv\/HU\/Logos\/focused\/461_70009_c_b96a12873978ac100036beaf8364185b.png?w=110&h=150&mode=box","description":"","channelno":"501","erotica":"0","minimal":"1","replay":"0","regional":"0","home_only":"0"}}