{"858598439245":{"id":"858598439245","assetid":"http:\/\/upc-hu-5084.live.horizon.tv\/dash\/M1_HD\/manifest.mpd&%%&urn:orion:media:std:vhLYdbOE_wHt","name":"M1 HD","icon":"https:\/\/wp15-images-hu-dynamic.horizon.tv\/HU\/Logos\/focused\/461_75_c_d2833062eaff6dc96b18f25694620e09.png?w=110&h=150&mode=box","description":"","channelno":"1","erotica":"0","minimal":"1","replay":"1","regional":"0","home_only":"0"},"858598439192":{"id":"858598439192","assetid":"http:\/\/upc-hu-5085.live.horizon.tv\/dash\/M2_HD\/manifest.mpd&%%&urn:orion:media:std:VOmi0fOaQoSY","name":"M2\/Petofi HD","icon":"https:\/\/wp17-images-hu-dynamic.horizon.tv\/HU\/Logos\/focused\/461_86_c_c9681d1c865d31cdad3a6b0776022eb4.png?w=110&h=150&mode=box","description":"","channelno":"2","erotica":"0","minimal":"1","replay":"1","regional":"0","home_only":"0"},"858598439184":{"id":"858598439184","assetid":"http:\/\/upc-hu-5080.live.horizon.tv\/dash\/Duna_HD\/manifest.mpd&%%&urn:orion:media:std:vBj_Dyja4yz9","name":"Duna HD","icon":"https:\/\/wp18-images-hu-dynamic.horizon.tv\/HU\/Logos\/focused\/461_89_c_82877b44d04c46e44442a921f5b2598e.png?w=110&h=150&mode=box","description":"","channelno":"3","erotica":"0","minimal":"1","replay":"1","regional":"0","home_only":"0"},"858598439141":{"id":"858598439141","assetid":"http:\/\/upc-hu-5086.live.horizon.tv\/dash\/M4_HD\/manifest.mpd&%%&urn:orion:media:std:FFZqFwbAZ2xB","name":"M4 HD","icon":"https:\/\/wp19-images-hu-dynamic.horizon.tv\/HU\/Logos\/focused\/461_135_c_56848362068d94e5bc5a646bc68c4b51.png?w=110&h=150&mode=box","description":"","channelno":"4","erotica":"0","minimal":"1","replay":"1","regional":"0","home_only":"0"},"948531239184":{"id":"948531239184","assetid":"http:\/\/upc-hu-5054.live.horizon.tv\/dash\/Duna_World\/manifest.mpd&%%&urn:orion:media:std:jB4BMqzR8agl","name":"Duna World HD","icon":"https:\/\/wp13-images-hu-dynamic.horizon.tv\/HU\/Logos\/focused\/461_1_c_67a1cc500fb0219ad22022f9b6a5bdf5.png?w=110&h=150&mode=box","description":"","channelno":"5","erotica":"0","minimal":"1","replay":"1","regional":"0","home_only":"0"},"lgi-nl-prod-master:NL_000006_019130":{"id":"lgi-nl-prod-master:NL_000006_019130","assetid":"http:\/\/obc5-3-nl-prod.live.dyncdn.horizon.tv\/dash\/NL_000006_019130\/manifest.mpd&%%&urn:orion:media:std:lgi-nl-prod-master:NL_000006_019130_ORION_Orion-DASH","name":"SBS6 HD","icon":"https:\/\/staticqbr-nl-prod.prod.cdn.dmdsdp.com\/image-service\/ImagesEPG\/EventImages\/sbs6_2018.png?style=content-station-logo-xlarge","description":"","channelno":"6","erotica":"0","minimal":"1","replay":"1","regional":"0","home_only":"0"},"lgi-nl-prod-master:NL_000007_019181":{"id":"lgi-nl-prod-master:NL_000007_019181","assetid":"http:\/\/obc1-4-nl-prod.live.dyncdn.horizon.tv\/dash\/NL_000007_019181\/manifest.mpd&%%&urn:orion:media:std:lgi-nl-prod-master:NL_000007_019181_ORION_Orion-DASH","name":"RTL 7 HD","icon":"https:\/\/staticqbr-nl-prod.prod.cdn.dmdsdp.com\/image-service\/ImagesEPG\/EventImages\/rtl7_2017.png?style=content-station-logo-xlarge","description":"","channelno":"7","erotica":"0","minimal":"1","replay":"1","regional":"0","home_only":"0"},"lgi-nl-prod-master:NL_000008_019442":{"id":"lgi-nl-prod-master:NL_000008_019442","assetid":"http:\/\/obc5-4-nl-prod.live.dyncdn.horizon.tv\/dash\/NL_000008_019442\/manifest.mpd&%%&urn:orion:media:std:lgi-nl-prod-master:NL_000008_019442_ORION_Orion-DASH","name":"Veronica HD \/ Disney XD","icon":"https:\/\/staticqbr-nl-prod.prod.cdn.dmdsdp.com\/image-service\/ImagesEPG\/EventImages\/veronica_disney_2018.png?style=content-station-logo-xlarge","description":"","channelno":"8","erotica":"0","minimal":"1","replay":"1","regional":"0","home_only":"0"},"lgi-nl-prod-master:NL_000009_019024":{"id":"lgi-nl-prod-master:NL_000009_019024","assetid":"http:\/\/obc1-5-nl-prod.live.dyncdn.horizon.tv\/dash\/NL_000009_019024\/manifest.mpd&%%&urn:orion:media:std:lgi-nl-prod-master:NL_000009_019024_ORION_Orion-DASH","name":"Net5 HD","icon":"https:\/\/staticqbr-nl-prod.prod.cdn.dmdsdp.com\/image-service\/ImagesEPG\/EventImages\/net5_5.png?style=content-station-logo-xlarge","description":"","channelno":"9","erotica":"0","minimal":"1","replay":"1","regional":"0","home_only":"0"},"lgi-nl-prod-master:NL_000010_019422":{"id":"lgi-nl-prod-master:NL_000010_019422","assetid":"http:\/\/obc5-5-nl-prod.live.dyncdn.horizon.tv\/dash\/NL_000010_019422\/manifest.mpd&%%&urn:orion:media:std:lgi-nl-prod-master:NL_000010_019422_ORION_Orion-DASH","name":"RTL 8 HD","icon":"https:\/\/staticqbr-nl-prod.prod.cdn.dmdsdp.com\/image-service\/ImagesEPG\/EventImages\/rtl8_2017.png?style=content-station-logo-xlarge","description":"","channelno":"10","erotica":"0","minimal":"1","replay":"1","regional":"0","home_only":"0"},"lgi-nl-prod-master:NL_000011_019563":{"id":"lgi-nl-prod-master:NL_000011_019563","assetid":"http:\/\/obc1-5-nl-prod.live.dyncdn.horizon.tv\/dash\/NL_000011_019563\/manifest.mpd&%%&urn:orion:media:std:lgi-nl-prod-master:NL_000011_019563_ORION_Orion-DASH","name":"FOX HD","icon":"https:\/\/staticqbr-nl-prod.prod.cdn.dmdsdp.com\/image-service\/ImagesEPG\/EventImages\/fox_v2.png?style=content-station-logo-xlarge","description":"","channelno":"11","erotica":"0","minimal":"1","replay":"1","regional":"0","home_only":"0"},"lgi-nl-prod-master:NL_000012_019191":{"id":"lgi-nl-prod-master:NL_000012_019191","assetid":"http:\/\/obc5-6-nl-prod.live.dyncdn.horizon.tv\/dash\/NL_000012_019191\/manifest.mpd&%%&urn:orion:media:std:lgi-nl-prod-master:NL_000012_019191_ORION_Orion-DASH","name":"RTL Z HD","icon":"https:\/\/staticqbr-nl-prod.prod.cdn.dmdsdp.com\/image-service\/ImagesEPG\/EventImages\/rtl_z.png?style=content-station-logo-xlarge","description":"","channelno":"12","erotica":"0","minimal":"1","replay":"1","regional":"0","home_only":"0"},"lgi-nl-prod-master:NL_000013_019327":{"id":"lgi-nl-prod-master:NL_000013_019327","assetid":"http:\/\/obc1-6-nl-prod.live.dyncdn.horizon.tv\/dash\/NL_000013_019327\/manifest.mpd&%%&urn:orion:media:std:lgi-nl-prod-master:NL_000013_019327_ORION_Orion-DASH","name":"Ziggo TV HD","icon":"https:\/\/staticqbr-nl-prod.prod.cdn.dmdsdp.com\/image-service\/ImagesEPG\/EventImages\/ziggo_tv_1.png?style=content-station-logo-xlarge","description":"","channelno":"13","erotica":"0","minimal":"1","replay":"1","regional":"0","home_only":"0"},"lgi-nl-prod-master:NL_000014_019661":{"id":"lgi-nl-prod-master:NL_000014_019661","assetid":"http:\/\/obc5-ziggosporthd-nl-prod.live.dyncdn.horizon.tv\/dash\/NL_000014_019661\/manifest.mpd&%%&urn:orion:media:std:lgi-nl-prod-master:NL_000014_019661_ORION_Orion-DASH","name":"Ziggo Sport HD","icon":"https:\/\/staticqbr-nl-prod.prod.cdn.dmdsdp.com\/image-service\/ImagesEPG\/EventImages\/ziggo_sport.png?style=content-station-logo-xlarge","description":"","channelno":"14","erotica":"0","minimal":"1","replay":"1","regional":"0","home_only":"0"},"lgi-nl-prod-master:NL_000015_019166":{"id":"lgi-nl-prod-master:NL_000015_019166","assetid":"http:\/\/obc1-1-nl-prod.live.dyncdn.horizon.tv\/dash\/NL_000015_019166\/manifest.mpd&%%&urn:orion:media:std:lgi-nl-prod-master:NL_000015_019166_ORION_Orion-DASH","name":"Comedy Central HD","icon":"https:\/\/staticqbr-nl-prod.prod.cdn.dmdsdp.com\/image-service\/ImagesEPG\/EventImages\/comedy_central_v2.png?style=content-station-logo-xlarge","description":"","channelno":"15","erotica":"0","minimal":"1","replay":"1","regional":"0","home_only":"0"},"lgi-nl-prod-master:NL_000016_019388":{"id":"lgi-nl-prod-master:NL_000016_019388","assetid":"http:\/\/obc5-1-nl-prod.live.dyncdn.horizon.tv\/dash\/NL_000016_019388\/manifest.mpd&%%&urn:orion:media:std:lgi-nl-prod-master:NL_000016_019388_ORION_Orion-DASH","name":"Spike HD","icon":"https:\/\/staticqbr-nl-prod.prod.cdn.dmdsdp.com\/image-service\/ImagesEPG\/EventImages\/spike.png?style=content-station-logo-xlarge","description":"","channelno":"16","erotica":"0","minimal":"1","replay":"1","regional":"0","home_only":"0"},"lgi-nl-prod-master:NL_000017_019222":{"id":"lgi-nl-prod-master:NL_000017_019222","assetid":"http:\/\/obc1-2-nl-prod.live.dyncdn.horizon.tv\/dash\/NL_000017_019222\/manifest.mpd&%%&urn:orion:media:std:lgi-nl-prod-master:NL_000017_019222_ORION_Orion-DASH","name":"Discovery HD","icon":"https:\/\/staticqbr-nl-prod.prod.cdn.dmdsdp.com\/image-service\/ImagesEPG\/EventImages\/discovery_hd_v2.png?style=content-station-logo-xlarge","description":"","channelno":"17","erotica":"0","minimal":"1","replay":"1","regional":"0","home_only":"0"},"lgi-nl-prod-master:NL_000018_019221":{"id":"lgi-nl-prod-master:NL_000018_019221","assetid":"http:\/\/obc5-2-nl-prod.live.dyncdn.horizon.tv\/dash\/NL_000018_019221\/manifest.mpd&%%&urn:orion:media:std:lgi-nl-prod-master:NL_000018_019221_ORION_Orion-DASH","name":"National Geographic Channel HD","icon":"https:\/\/staticqbr-nl-prod.prod.cdn.dmdsdp.com\/image-service\/ImagesEPG\/EventImages\/nat_geo_v3.png?style=content-station-logo-xlarge","description":"","channelno":"18","erotica":"0","minimal":"1","replay":"1","regional":"0","home_only":"0"},"lgi-nl-prod-master:NL_000019_019671":{"id":"lgi-nl-prod-master:NL_000019_019671","assetid":"http:\/\/obc1-3-nl-prod.live.dyncdn.horizon.tv\/dash\/NL_000019_019671\/manifest.mpd&%%&urn:orion:media:std:lgi-nl-prod-master:NL_000019_019671_ORION_Orion-DASH","name":"SBS9 HD","icon":"https:\/\/staticqbr-nl-prod.prod.cdn.dmdsdp.com\/image-service\/ImagesEPG\/EventImages\/sbs9_2018.png?style=content-station-logo-xlarge","description":"","channelno":"19","erotica":"0","minimal":"1","replay":"1","regional":"0","home_only":"0"},"lgi-nl-prod-master:NL_000020_019432":{"id":"lgi-nl-prod-master:NL_000020_019432","assetid":"http:\/\/obc5-3-nl-prod.live.dyncdn.horizon.tv\/dash\/NL_000020_019432\/manifest.mpd&%%&urn:orion:media:std:lgi-nl-prod-master:NL_000020_019432_ORION_Orion-DASH","name":"Eurosport 1 HD","icon":"https:\/\/staticqbr-nl-prod.prod.cdn.dmdsdp.com\/image-service\/ImagesEPG\/EventImages\/eurosport1_v2.png?style=content-station-logo-xlarge","description":"","channelno":"20","erotica":"0","minimal":"1","replay":"1","regional":"0","home_only":"0"},"lgi-nl-prod-master:NL_000021_019566":{"id":"lgi-nl-prod-master:NL_000021_019566","assetid":"http:\/\/obc1-4-nl-prod.live.dyncdn.horizon.tv\/dash\/NL_000021_019566\/manifest.mpd&%%&urn:orion:media:std:lgi-nl-prod-master:NL_000021_019566_ORION_Orion-DASH","name":"TLC HD","icon":"https:\/\/staticqbr-nl-prod.prod.cdn.dmdsdp.com\/image-service\/ImagesEPG\/EventImages\/tlc_hd.png?style=content-station-logo-xlarge","description":"","channelno":"21","erotica":"0","minimal":"1","replay":"1","regional":"0","home_only":"0"},"lgi-nl-prod-master:NL_000022_019328":{"id":"lgi-nl-prod-master:NL_000022_019328","assetid":"http:\/\/obc5-4-nl-prod.live.dyncdn.horizon.tv\/dash\/NL_000022_019328\/manifest.mpd&%%&urn:orion:media:std:lgi-nl-prod-master:NL_000022_019328_ORION_Orion-DASH","name":"BBC First HD","icon":"https:\/\/staticqbr-nl-prod.prod.cdn.dmdsdp.com\/image-service\/ImagesEPG\/EventImages\/bbc_first.png?style=content-station-logo-xlarge","description":"","channelno":"22","erotica":"0","minimal":"1","replay":"1","regional":"0","home_only":"0"},"lgi-nl-prod-master:NL_000023_019363":{"id":"lgi-nl-prod-master:NL_000023_019363","assetid":"http:\/\/obc1-1-nl-prod.live.dyncdn.horizon.tv\/dash\/NL_000023_019363\/manifest.mpd&%%&urn:orion:media:std:lgi-nl-prod-master:NL_000023_019363_ORION_Orion-DASH","name":"MTV HD","icon":"https:\/\/staticqbr-nl-prod.prod.cdn.dmdsdp.com\/image-service\/ImagesEPG\/EventImages\/mtv_hd.png?style=content-station-logo-xlarge","description":"","channelno":"23","erotica":"0","minimal":"1","replay":"1","regional":"0","home_only":"0"},"lgi-nl-prod-master:NL_000024_019701":{"id":"lgi-nl-prod-master:NL_000024_019701","assetid":"http:\/\/obc5-5-nl-prod.live.dyncdn.horizon.tv\/dash\/NL_000024_019701\/manifest.mpd&%%&urn:orion:media:std:lgi-nl-prod-master:NL_000024_019701_ORION_Orion-DASH","name":"24Kitchen HD","icon":"https:\/\/staticqbr-nl-prod.prod.cdn.dmdsdp.com\/image-service\/ImagesEPG\/EventImages\/24kitchen_v3.png?style=content-station-logo-xlarge","description":"","channelno":"24","erotica":"0","minimal":"1","replay":"1","regional":"0","home_only":"0"},"lgi-nl-prod-master:NL_000025_019708":{"id":"lgi-nl-prod-master:NL_000025_019708","assetid":"http:\/\/obc1-2-nl-prod.live.dyncdn.horizon.tv\/dash\/NL_000025_019708\/manifest.mpd&%%&urn:orion:media:std:lgi-nl-prod-master:NL_000025_019708_ORION_Orion-DASH","name":"XITE HD","icon":"https:\/\/staticqbr-nl-prod.prod.cdn.dmdsdp.com\/image-service\/ImagesEPG\/EventImages\/xite_2017.png?style=content-station-logo-xlarge","description":"","channelno":"25","erotica":"0","minimal":"1","replay":"0","regional":"0","home_only":"0"},"lgi-nl-prod-master:NL_000027_019330":{"id":"lgi-nl-prod-master:NL_000027_019330","assetid":"http:\/\/obc5-5-nl-prod.live.dyncdn.horizon.tv\/dash\/NL_000027_019330\/manifest.mpd&%%&urn:orion:media:std:lgi-nl-prod-master:NL_000027_019330_ORION_Orion-DASH","name":"Disney Channel HD","icon":"https:\/\/staticqbr-nl-prod.prod.cdn.dmdsdp.com\/image-service\/ImagesEPG\/EventImages\/disney_channel_2.png?style=content-station-logo-xlarge","description":"","channelno":"27","erotica":"0","minimal":"1","replay":"1","regional":"0","home_only":"0"},"lgi-nl-prod-master:NL_000028_019705":{"id":"lgi-nl-prod-master:NL_000028_019705","assetid":"http:\/\/obc5-4-nl-prod.live.dyncdn.horizon.tv\/dash\/NL_000028_019705\/manifest.mpd&%%&urn:orion:media:std:lgi-nl-prod-master:NL_000028_019705_ORION_Orion-DASH","name":"HISTORY HD","icon":"https:\/\/staticqbr-nl-prod.prod.cdn.dmdsdp.com\/image-service\/ImagesEPG\/EventImages\/historyhd.png?style=content-station-logo-xlarge","description":"","channelno":"28","erotica":"0","minimal":"1","replay":"1","regional":"0","home_only":"0"},"lgi-nl-prod-master:NL_000029_019046":{"id":"lgi-nl-prod-master:NL_000029_019046","assetid":"http:\/\/obc5-3-nl-prod.live.dyncdn.horizon.tv\/dash\/NL_000029_019046\/manifest.mpd&%%&urn:orion:media:std:lgi-nl-prod-master:NL_000029_019046_ORION_Orion-DASH","name":"Nickelodeon HD","icon":"https:\/\/staticqbr-nl-prod.prod.cdn.dmdsdp.com\/image-service\/ImagesEPG\/EventImages\/nickelodeon_v5.png?style=content-station-logo-xlarge","description":"","channelno":"29","erotica":"0","minimal":"1","replay":"1","regional":"0","home_only":"0"},"lgi-nl-prod-master:NL_000030_019152":{"id":"lgi-nl-prod-master:NL_000030_019152","assetid":"http:\/\/obc2-1-nl-prod.live.dyncdn.horizon.tv\/dash\/NL_000030_019152\/manifest.mpd&%%&urn:orion:media:std:lgi-nl-prod-master:NL_000030_019152_ORION_Orion-DASH","name":"ONS","icon":"https:\/\/staticqbr-nl-prod.prod.cdn.dmdsdp.com\/image-service\/ImagesEPG\/EventImages\/ons_2018.png?style=content-station-logo-xlarge","description":"","channelno":"50","erotica":"0","minimal":"1","replay":"1","regional":"0","home_only":"0"},"lgi-nl-prod-master:NL_000031_019362":{"id":"lgi-nl-prod-master:NL_000031_019362","assetid":"http:\/\/obc1-3-nl-prod.live.dyncdn.horizon.tv\/dash\/NL_000031_019362\/manifest.mpd&%%&urn:orion:media:std:lgi-nl-prod-master:NL_000031_019362_ORION_Orion-DASH","name":"\u00e9\u00e9n HD","icon":"https:\/\/staticqbr-nl-prod.prod.cdn.dmdsdp.com\/image-service\/ImagesEPG\/EventImages\/een_v3.png?style=content-station-logo-xlarge","description":"","channelno":"51","erotica":"0","minimal":"1","replay":"1","regional":"0","home_only":"0"},"lgi-nl-prod-master:NL_000032_019226":{"id":"lgi-nl-prod-master:NL_000032_019226","assetid":"http:\/\/obc5-2-nl-prod.live.dyncdn.horizon.tv\/dash\/NL_000032_019226\/manifest.mpd&%%&urn:orion:media:std:lgi-nl-prod-master:NL_000032_019226_ORION_Orion-DASH","name":"Canvas HD","icon":"https:\/\/staticqbr-nl-prod.prod.cdn.dmdsdp.com\/image-service\/ImagesEPG\/EventImages\/canvas_v2.png?style=content-station-logo-xlarge","description":"","channelno":"52","erotica":"0","minimal":"1","replay":"1","regional":"0","home_only":"0"},"lgi-nl-prod-master:NL_000033_019025":{"id":"lgi-nl-prod-master:NL_000033_019025","assetid":"http:\/\/obc2-2-nl-prod.live.dyncdn.horizon.tv\/dash\/NL_000033_019025\/manifest.mpd&%%&urn:orion:media:std:lgi-nl-prod-master:NL_000033_019025_ORION_Orion-DASH","name":"Ketnet","icon":"https:\/\/staticqbr-nl-prod.prod.cdn.dmdsdp.com\/image-service\/ImagesEPG\/EventImages\/ketnet_v2.png?style=content-station-logo-xlarge","description":"","channelno":"53","erotica":"0","minimal":"1","replay":"1","regional":"0","home_only":"0"},"lgi-nl-prod-master:NL_000034_020027":{"id":"lgi-nl-prod-master:NL_000034_020027","assetid":"http:\/\/obc1-5-nl-prod.live.dyncdn.horizon.tv\/dash\/NL_000034_020027\/manifest.mpd&%%&urn:orion:media:std:lgi-nl-prod-master:NL_000034_020027_ORION_Orion-DASH","name":"ARD HD","icon":"https:\/\/staticqbr-nl-prod.prod.cdn.dmdsdp.com\/image-service\/ImagesEPG\/EventImages\/ard_hd.png?style=content-station-logo-xlarge","description":"","channelno":"54","erotica":"0","minimal":"1","replay":"0","regional":"0","home_only":"0"},"lgi-nl-prod-master:NL_000035_020028":{"id":"lgi-nl-prod-master:NL_000035_020028","assetid":"http:\/\/obc1-5-nl-prod.live.dyncdn.horizon.tv\/dash\/NL_000035_020028\/manifest.mpd&%%&urn:orion:media:std:lgi-nl-prod-master:NL_000035_020028_ORION_Orion-DASH","name":"ZDF HD","icon":"https:\/\/staticqbr-nl-prod.prod.cdn.dmdsdp.com\/image-service\/ImagesEPG\/EventImages\/zdf_hd.png?style=content-station-logo-xlarge","description":"","channelno":"55","erotica":"0","minimal":"1","replay":"0","regional":"0","home_only":"0"},"lgi-nl-prod-master:NL_000036_019465":{"id":"lgi-nl-prod-master:NL_000036_019465","assetid":"http:\/\/obc2-3-nl-prod.live.dyncdn.horizon.tv\/dash\/NL_000036_019465\/manifest.mpd&%%&urn:orion:media:std:lgi-nl-prod-master:NL_000036_019465_ORION_Orion-DASH","name":"WDR","icon":"https:\/\/staticqbr-nl-prod.prod.cdn.dmdsdp.com\/image-service\/ImagesEPG\/EventImages\/wdr.png?style=content-station-logo-xlarge","description":"","channelno":"56","erotica":"0","minimal":"1","replay":"0","regional":"0","home_only":"0"},"lgi-nl-prod-master:NL_000037_019186":{"id":"lgi-nl-prod-master:NL_000037_019186","assetid":"http:\/\/obc2-4-nl-prod.live.dyncdn.horizon.tv\/dash\/NL_000037_019186\/manifest.mpd&%%&urn:orion:media:std:lgi-nl-prod-master:NL_000037_019186_ORION_Orion-DASH","name":"NDR","icon":"https:\/\/staticqbr-nl-prod.prod.cdn.dmdsdp.com\/image-service\/ImagesEPG\/EventImages\/ndr.png?style=content-station-logo-xlarge","description":"","channelno":"57","erotica":"0","minimal":"1","replay":"0","regional":"0","home_only":"0"},"lgi-nl-prod-master:NL_000038_019063":{"id":"lgi-nl-prod-master:NL_000038_019063","assetid":"http:\/\/obc2-5-nl-prod.live.dyncdn.horizon.tv\/dash\/NL_000038_019063\/manifest.mpd&%%&urn:orion:media:std:lgi-nl-prod-master:NL_000038_019063_ORION_Orion-DASH","name":"RTL","icon":"https:\/\/staticqbr-nl-prod.prod.cdn.dmdsdp.com\/image-service\/ImagesEPG\/EventImages\/rtl_television.png?style=content-station-logo-xlarge","description":"","channelno":"58","erotica":"0","minimal":"1","replay":"0","regional":"0","home_only":"0"},"lgi-nl-prod-master:NL_000039_019153":{"id":"lgi-nl-prod-master:NL_000039_019153","assetid":"http:\/\/obc2-6-nl-prod.live.dyncdn.horizon.tv\/dash\/NL_000039_019153\/manifest.mpd&%%&urn:orion:media:std:lgi-nl-prod-master:NL_000039_019153_ORION_Orion-DASH","name":"Sat. 1","icon":"https:\/\/staticqbr-nl-prod.prod.cdn.dmdsdp.com\/image-service\/ImagesEPG\/EventImages\/sat_1.png?style=content-station-logo-xlarge","description":"","channelno":"59","erotica":"0","minimal":"1","replay":"0","regional":"0","home_only":"0"},"lgi-nl-prod-master:NL_000040_020022":{"id":"lgi-nl-prod-master:NL_000040_020022","assetid":"http:\/\/obc5-1-nl-prod.live.dyncdn.horizon.tv\/dash\/NL_000040_020022\/manifest.mpd&%%&urn:orion:media:std:lgi-nl-prod-master:NL_000040_020022_ORION_Orion-DASH","name":"BBC One HD","icon":"https:\/\/staticqbr-nl-prod.prod.cdn.dmdsdp.com\/image-service\/ImagesEPG\/EventImages\/bbc_one_hd.png?style=content-station-logo-xlarge","description":"","channelno":"61","erotica":"0","minimal":"1","replay":"0","regional":"0","home_only":"0"},"lgi-nl-prod-master:NL_000041_019369":{"id":"lgi-nl-prod-master:NL_000041_019369","assetid":"http:\/\/obc1-6-nl-prod.live.dyncdn.horizon.tv\/dash\/NL_000041_019369\/manifest.mpd&%%&urn:orion:media:std:lgi-nl-prod-master:NL_000041_019369_ORION_Orion-DASH","name":"BBC Two HD","icon":"https:\/\/staticqbr-nl-prod.prod.cdn.dmdsdp.com\/image-service\/ImagesEPG\/EventImages\/bbc_two_hd.png?style=content-station-logo-xlarge","description":"","channelno":"62","erotica":"0","minimal":"1","replay":"0","regional":"0","home_only":"0"},"lgi-nl-prod-master:NL_000044_019491":{"id":"lgi-nl-prod-master:NL_000044_019491","assetid":"http:\/\/obc2-9-nl-prod.live.dyncdn.horizon.tv\/dash\/NL_000044_019491\/manifest.mpd&%%&urn:orion:media:std:lgi-nl-prod-master:NL_000044_019491_ORION_Orion-DASH","name":"BBC Entertainment","icon":"https:\/\/staticqbr-nl-prod.prod.cdn.dmdsdp.com\/image-service\/ImagesEPG\/EventImages\/bbc_entertainment.png?style=content-station-logo-xlarge","description":"","channelno":"65","erotica":"0","minimal":"0","replay":"0","regional":"0","home_only":"0"},"lgi-nl-prod-master:NL_000045_019354":{"id":"lgi-nl-prod-master:NL_000045_019354","assetid":"http:\/\/obc2-10-nl-prod.live.dyncdn.horizon.tv\/dash\/NL_000045_019354\/manifest.mpd&%%&urn:orion:media:std:lgi-nl-prod-master:NL_000045_019354_ORION_Orion-DASH","name":"TV5 Monde","icon":"https:\/\/staticqbr-nl-prod.prod.cdn.dmdsdp.com\/image-service\/ImagesEPG\/EventImages\/tv5monde_europe.png?style=content-station-logo-xlarge","description":"","channelno":"71","erotica":"0","minimal":"1","replay":"0","regional":"0","home_only":"0"},"lgi-nl-prod-master:NL_000046_020053":{"id":"lgi-nl-prod-master:NL_000046_020053","assetid":"http:\/\/obc2-11-nl-prod.live.dyncdn.horizon.tv\/dash\/NL_000046_020053\/manifest.mpd&%%&urn:orion:media:std:lgi-nl-prod-master:NL_000046_020053_ORION_Orion-DASH","name":"Arte","icon":"https:\/\/staticqbr-nl-prod.prod.cdn.dmdsdp.com\/image-service\/ImagesEPG\/EventImages\/arte.png?style=content-station-logo-xlarge","description":"","channelno":"72","erotica":"0","minimal":"1","replay":"0","regional":"0","home_only":"0"},"lgi-nl-prod-master:NL_000047_019428":{"id":"lgi-nl-prod-master:NL_000047_019428","assetid":"http:\/\/obc2-12-nl-prod.live.dyncdn.horizon.tv\/dash\/NL_000047_019428\/manifest.mpd&%%&urn:orion:media:std:lgi-nl-prod-master:NL_000047_019428_ORION_Orion-DASH","name":"TVE","icon":"https:\/\/staticqbr-nl-prod.prod.cdn.dmdsdp.com\/image-service\/ImagesEPG\/EventImages\/tve.png?style=content-station-logo-xlarge","description":"","channelno":"73","erotica":"0","minimal":"1","replay":"0","regional":"0","home_only":"0"},"lgi-nl-prod-master:NL_000048_020052":{"id":"lgi-nl-prod-master:NL_000048_020052","assetid":"http:\/\/obc2-1-nl-prod.live.dyncdn.horizon.tv\/dash\/NL_000048_020052\/manifest.mpd&%%&urn:orion:media:std:lgi-nl-prod-master:NL_000048_020052_ORION_Orion-DASH","name":"Mediaset Italia","icon":"https:\/\/staticqbr-nl-prod.prod.cdn.dmdsdp.com\/image-service\/ImagesEPG\/EventImages\/mediaset_italia.png?style=content-station-logo-xlarge","description":"","channelno":"74","erotica":"0","minimal":"1","replay":"0","regional":"0","home_only":"0"},"lgi-nl-prod-master:NL_000049_019514":{"id":"lgi-nl-prod-master:NL_000049_019514","assetid":"http:\/\/obc2-2-nl-prod.live.dyncdn.horizon.tv\/dash\/NL_000049_019514\/manifest.mpd&%%&urn:orion:media:std:lgi-nl-prod-master:NL_000049_019514_ORION_Orion-DASH","name":"RTV-7","icon":"https:\/\/staticqbr-nl-prod.prod.cdn.dmdsdp.com\/image-service\/ImagesEPG\/EventImages\/rtv7.png?style=content-station-logo-xlarge","description":"","channelno":"75","erotica":"0","minimal":"1","replay":"0","regional":"0","home_only":"0"},"lgi-nl-prod-master:NL_000050_019353":{"id":"lgi-nl-prod-master:NL_000050_019353","assetid":"http:\/\/obc2-3-nl-prod.live.dyncdn.horizon.tv\/dash\/NL_000050_019353\/manifest.mpd&%%&urn:orion:media:std:lgi-nl-prod-master:NL_000050_019353_ORION_Orion-DASH","name":"TRT T\u00fcrk","icon":"https:\/\/staticqbr-nl-prod.prod.cdn.dmdsdp.com\/image-service\/ImagesEPG\/EventImages\/trt_turk.png?style=content-station-logo-xlarge","description":"","channelno":"76","erotica":"0","minimal":"1","replay":"0","regional":"0","home_only":"0"},"lgi-nl-prod-master:NL_000051_019047":{"id":"lgi-nl-prod-master:NL_000051_019047","assetid":"http:\/\/obc2-4-nl-prod.live.dyncdn.horizon.tv\/dash\/NL_000051_019047\/manifest.mpd&%%&urn:orion:media:std:lgi-nl-prod-master:NL_000051_019047_ORION_Orion-DASH","name":"2M","icon":"https:\/\/staticqbr-nl-prod.prod.cdn.dmdsdp.com\/image-service\/ImagesEPG\/EventImages\/2m.png?style=content-station-logo-xlarge","description":"","channelno":"77","erotica":"0","minimal":"1","replay":"0","regional":"0","home_only":"0"},"lgi-nl-prod-master:NL_000052_019655":{"id":"lgi-nl-prod-master:NL_000052_019655","assetid":"http:\/\/obc5-6-nl-prod.live.dyncdn.horizon.tv\/dash\/NL_000052_019655\/manifest.mpd&%%&urn:orion:media:std:lgi-nl-prod-master:NL_000052_019655_ORION_Orion-DASH","name":"Film1 Premiere HD","icon":"https:\/\/staticqbr-nl-prod.prod.cdn.dmdsdp.com\/image-service\/ImagesEPG\/EventImages\/film1_premiere_1.png?style=content-station-logo-xlarge","description":"","channelno":"101","erotica":"0","minimal":"0","replay":"1","regional":"0","home_only":"0"},"lgi-nl-prod-master:NL_000053_019653":{"id":"lgi-nl-prod-master:NL_000053_019653","assetid":"http:\/\/obc1-5-nl-prod.live.dyncdn.horizon.tv\/dash\/NL_000053_019653\/manifest.mpd&%%&urn:orion:media:std:lgi-nl-prod-master:NL_000053_019653_ORION_Orion-DASH","name":"Film1 Action HD","icon":"https:\/\/staticqbr-nl-prod.prod.cdn.dmdsdp.com\/image-service\/ImagesEPG\/EventImages\/film1_action_1.png?style=content-station-logo-xlarge","description":"","channelno":"102","erotica":"0","minimal":"0","replay":"1","regional":"0","home_only":"0"},"lgi-nl-prod-master:NL_000054_019654":{"id":"lgi-nl-prod-master:NL_000054_019654","assetid":"http:\/\/obc5-6-nl-prod.live.dyncdn.horizon.tv\/dash\/NL_000054_019654\/manifest.mpd&%%&urn:orion:media:std:lgi-nl-prod-master:NL_000054_019654_ORION_Orion-DASH","name":"Film1 Family HD","icon":"https:\/\/staticqbr-nl-prod.prod.cdn.dmdsdp.com\/image-service\/ImagesEPG\/EventImages\/film1_family_1.png?style=content-station-logo-xlarge","description":"","channelno":"103","erotica":"0","minimal":"0","replay":"1","regional":"0","home_only":"0"},"lgi-nl-prod-master:NL_000055_019645":{"id":"lgi-nl-prod-master:NL_000055_019645","assetid":"http:\/\/obc1-5-nl-prod.live.dyncdn.horizon.tv\/dash\/NL_000055_019645\/manifest.mpd&%%&urn:orion:media:std:lgi-nl-prod-master:NL_000055_019645_ORION_Orion-DASH","name":"Film1 Drama HD","icon":"https:\/\/staticqbr-nl-prod.prod.cdn.dmdsdp.com\/image-service\/ImagesEPG\/EventImages\/film1_drama_1.png?style=content-station-logo-xlarge","description":"","channelno":"104","erotica":"0","minimal":"0","replay":"1","regional":"0","home_only":"0"},"lgi-nl-prod-master:NL_000056_019483":{"id":"lgi-nl-prod-master:NL_000056_019483","assetid":"http:\/\/obc5-2-nl-prod.live.dyncdn.horizon.tv\/dash\/NL_000056_019483\/manifest.mpd&%%&urn:orion:media:std:lgi-nl-prod-master:NL_000056_019483_ORION_Orion-DASH","name":"RTL Crime HD","icon":"https:\/\/staticqbr-nl-prod.prod.cdn.dmdsdp.com\/image-service\/ImagesEPG\/EventImages\/rtl_crime2.png?style=content-station-logo-xlarge","description":"","channelno":"120","erotica":"0","minimal":"0","replay":"1","regional":"0","home_only":"0"},"lgi-nl-prod-master:NL_000057_019493":{"id":"lgi-nl-prod-master:NL_000057_019493","assetid":"http:\/\/obc2-5-nl-prod.live.dyncdn.horizon.tv\/dash\/NL_000057_019493\/manifest.mpd&%%&urn:orion:media:std:lgi-nl-prod-master:NL_000057_019493_ORION_Orion-DASH","name":"CI","icon":"https:\/\/staticqbr-nl-prod.prod.cdn.dmdsdp.com\/image-service\/ImagesEPG\/EventImages\/crime_invest.png?style=content-station-logo-xlarge","description":"","channelno":"122","erotica":"0","minimal":"0","replay":"1","regional":"0","home_only":"0"},"lgi-nl-prod-master:NL_000058_019381":{"id":"lgi-nl-prod-master:NL_000058_019381","assetid":"http:\/\/obc5-5-nl-prod.live.dyncdn.horizon.tv\/dash\/NL_000058_019381\/manifest.mpd&%%&urn:orion:media:std:lgi-nl-prod-master:NL_000058_019381_ORION_Orion-DASH","name":"ID HD","icon":"https:\/\/staticqbr-nl-prod.prod.cdn.dmdsdp.com\/image-service\/ImagesEPG\/EventImages\/investigation_discovery_2020.png?style=content-station-logo-xlarge","description":"","channelno":"123","erotica":"0","minimal":"1","replay":"1","regional":"0","home_only":"0"},"lgi-nl-prod-master:NL_000059_019252":{"id":"lgi-nl-prod-master:NL_000059_019252","assetid":"http:\/\/obc2-6-nl-prod.live.dyncdn.horizon.tv\/dash\/NL_000059_019252\/manifest.mpd&%%&urn:orion:media:std:lgi-nl-prod-master:NL_000059_019252_ORION_Orion-DASH","name":"Comedy Central Extra","icon":"https:\/\/staticqbr-nl-prod.prod.cdn.dmdsdp.com\/image-service\/ImagesEPG\/EventImages\/comedy_central_extra_2018.png?style=content-station-logo-xlarge","description":"","channelno":"124","erotica":"0","minimal":"0","replay":"1","regional":"0","home_only":"0"},"lgi-nl-prod-master:NL_000060_019297":{"id":"lgi-nl-prod-master:NL_000060_019297","assetid":"http:\/\/obc5-3-nl-prod.live.dyncdn.horizon.tv\/dash\/NL_000060_019297\/manifest.mpd&%%&urn:orion:media:std:lgi-nl-prod-master:NL_000060_019297_ORION_Orion-DASH","name":"Shorts TV HD","icon":"https:\/\/staticqbr-nl-prod.prod.cdn.dmdsdp.com\/image-service\/ImagesEPG\/EventImages\/shorts_tv2.png?style=content-station-logo-xlarge","description":"","channelno":"125","erotica":"0","minimal":"0","replay":"0","regional":"0","home_only":"0"},"lgi-nl-prod-master:NL_000061_019331":{"id":"lgi-nl-prod-master:NL_000061_019331","assetid":"http:\/\/obc5-4-nl-prod.live.dyncdn.horizon.tv\/dash\/NL_000061_019331\/manifest.mpd&%%&urn:orion:media:std:lgi-nl-prod-master:NL_000061_019331_ORION_Orion-DASH","name":"E! HD","icon":"https:\/\/staticqbr-nl-prod.prod.cdn.dmdsdp.com\/image-service\/ImagesEPG\/EventImages\/e_entertainment_new.png?style=content-station-logo-xlarge","description":"","channelno":"126","erotica":"0","minimal":"0","replay":"0","regional":"0","home_only":"0"},"lgi-nl-prod-master:NL_000063_019307":{"id":"lgi-nl-prod-master:NL_000063_019307","assetid":"https:\/\/obc1-3-nl-prod.live.dyncdn.horizon.tv\/dash\/NL_000063_019307\/manifest.mpd&%%&urn:orion:media:std:lgi-nl-prod-master:NL_000063_019307_ORION_Orion-DASH","name":"NPO 1 Extra","icon":"https:\/\/staticqbr-nl-prod.prod.cdn.dmdsdp.com\/image-service\/ImagesEPG\/EventImages\/npo1_extra_2019.png?style=content-station-logo-xlarge","description":"","channelno":"128","erotica":"0","minimal":"0","replay":"1","regional":"0","home_only":"0"},"lgi-nl-prod-master:NL_000064_019275":{"id":"lgi-nl-prod-master:NL_000064_019275","assetid":"http:\/\/obc1-4-nl-prod.live.dyncdn.horizon.tv\/dash\/NL_000064_019275\/manifest.mpd&%%&urn:orion:media:std:lgi-nl-prod-master:NL_000064_019275_ORION_Orion-DASH","name":"OUTTV HD","icon":"https:\/\/staticqbr-nl-prod.prod.cdn.dmdsdp.com\/image-service\/ImagesEPG\/EventImages\/outtv_v4.png?style=content-station-logo-xlarge","description":"","channelno":"129","erotica":"0","minimal":"0","replay":"1","regional":"0","home_only":"0"},"lgi-nl-prod-master:NL_000066_019291":{"id":"lgi-nl-prod-master:NL_000066_019291","assetid":"http:\/\/obc2-9-nl-prod.live.dyncdn.horizon.tv\/dash\/NL_000066_019291\/manifest.mpd&%%&urn:orion:media:std:lgi-nl-prod-master:NL_000066_019291_ORION_Orion-DASH","name":"CBS Reality","icon":"https:\/\/staticqbr-nl-prod.prod.cdn.dmdsdp.com\/image-service\/ImagesEPG\/EventImages\/cbs_reality.png?style=content-station-logo-xlarge","description":"","channelno":"132","erotica":"0","minimal":"0","replay":"0","regional":"0","home_only":"0"},"lgi-nl-prod-master:NL_000067_020024":{"id":"lgi-nl-prod-master:NL_000067_020024","assetid":"http:\/\/obc5-3-nl-prod.live.dyncdn.horizon.tv\/dash\/NL_000067_020024\/manifest.mpd&%%&urn:orion:media:std:lgi-nl-prod-master:NL_000067_020024_ORION_Orion-DASH","name":"Fashion TV HD","icon":"https:\/\/staticqbr-nl-prod.prod.cdn.dmdsdp.com\/image-service\/ImagesEPG\/EventImages\/fashiontv.png?style=content-station-logo-xlarge","description":"","channelno":"133","erotica":"0","minimal":"0","replay":"0","regional":"0","home_only":"0"},"lgi-nl-prod-master:NL_000068_020055":{"id":"lgi-nl-prod-master:NL_000068_020055","assetid":"http:\/\/obc1-2-nl-prod.live.dyncdn.horizon.tv\/dash\/NL_000068_020055\/manifest.mpd&%%&urn:orion:media:std:lgi-nl-prod-master:NL_000068_020055_ORION_Orion-DASH","name":"MyZen HD","icon":"https:\/\/staticqbr-nl-prod.prod.cdn.dmdsdp.com\/image-service\/ImagesEPG\/EventImages\/myzen_tv.png?style=content-station-logo-xlarge","description":"","channelno":"134","erotica":"0","minimal":"0","replay":"0","regional":"0","home_only":"0"},"lgi-nl-prod-master:NL_000069_020071":{"id":"lgi-nl-prod-master:NL_000069_020071","assetid":"http:\/\/obc1-5-nl-prod.live.dyncdn.horizon.tv\/dash\/NL_000069_020071\/manifest.mpd&%%&urn:orion:media:std:lgi-nl-prod-master:NL_000069_020071_ORION_Orion-DASH","name":"Horse & Country TV HD","icon":"https:\/\/staticqbr-nl-prod.prod.cdn.dmdsdp.com\/image-service\/ImagesEPG\/EventImages\/horse_country.png?style=content-station-logo-xlarge","description":"","channelno":"136","erotica":"0","minimal":"0","replay":"1","regional":"0","home_only":"0"},"lgi-nl-prod-master:NL_000072_019298":{"id":"lgi-nl-prod-master:NL_000072_019298","assetid":"http:\/\/obc1-3-nl-prod.live.dyncdn.horizon.tv\/dash\/NL_000072_019298\/manifest.mpd&%%&urn:orion:media:std:lgi-nl-prod-master:NL_000072_019298_ORION_Orion-DASH","name":"RTL Lounge HD","icon":"https:\/\/staticqbr-nl-prod.prod.cdn.dmdsdp.com\/image-service\/ImagesEPG\/EventImages\/rtl_lounge_v2.png?style=content-station-logo-xlarge","description":"","channelno":"140","erotica":"0","minimal":"0","replay":"1","regional":"0","home_only":"0"},"lgi-nl-prod-master:NL_000075_019246":{"id":"lgi-nl-prod-master:NL_000075_019246","assetid":"http:\/\/obc5-1-nl-prod.live.dyncdn.horizon.tv\/dash\/NL_000075_019246\/manifest.mpd&%%&urn:orion:media:std:lgi-nl-prod-master:NL_000075_019246_ORION_Orion-DASH","name":"Discovery Science HD","icon":"https:\/\/staticqbr-nl-prod.prod.cdn.dmdsdp.com\/image-service\/ImagesEPG\/EventImages\/discovery_science_2017.png?style=content-station-logo-xlarge","description":"","channelno":"202","erotica":"0","minimal":"0","replay":"1","regional":"0","home_only":"0"},"lgi-nl-prod-master:NL_000077_019706":{"id":"lgi-nl-prod-master:NL_000077_019706","assetid":"http:\/\/obc1-1-nl-prod.live.dyncdn.horizon.tv\/dash\/NL_000077_019706\/manifest.mpd&%%&urn:orion:media:std:lgi-nl-prod-master:NL_000077_019706_ORION_Orion-DASH","name":"Nat Geo WILD HD","icon":"https:\/\/staticqbr-nl-prod.prod.cdn.dmdsdp.com\/image-service\/ImagesEPG\/EventImages\/natgeowild_hd_v2.png?style=content-station-logo-xlarge","description":"","channelno":"204","erotica":"0","minimal":"0","replay":"1","regional":"0","home_only":"0"},"lgi-nl-prod-master:NL_000191_019261":{"id":"lgi-nl-prod-master:NL_000191_019261","assetid":"http:\/\/obc4-2-nl-prod.live.horizon.tv\/dash\/NL_000191_019261\/manifest.mpd&%%&urn:orion:media:std:lgi-nl-prod-master:NL_000191_019261_ORION_Orion-DASH","name":"Love Nature HD","icon":"https:\/\/staticqbr-nl-prod.prod.cdn.dmdsdp.com\/image-service\/ImagesEPG\/EventImages\/love_nature_hd.png?style=content-station-logo-xlarge","description":"","channelno":"205","erotica":"0","minimal":"0","replay":"1","regional":"0","home_only":"0"},"lgi-nl-prod-master:NL_000078_020002":{"id":"lgi-nl-prod-master:NL_000078_020002","assetid":"http:\/\/obc5-1-nl-prod.live.dyncdn.horizon.tv\/dash\/NL_000078_020002\/manifest.mpd&%%&urn:orion:media:std:lgi-nl-prod-master:NL_000078_020002_ORION_Orion-DASH","name":"Animal Planet HD","icon":"https:\/\/staticqbr-nl-prod.prod.cdn.dmdsdp.com\/image-service\/ImagesEPG\/EventImages\/animal_planet_hd_v2.png?style=content-station-logo-xlarge","description":"","channelno":"208","erotica":"0","minimal":"0","replay":"0","regional":"0","home_only":"0"},"lgi-nl-prod-master:NL_000080_019484":{"id":"lgi-nl-prod-master:NL_000080_019484","assetid":"http:\/\/obc2-12-nl-prod.live.dyncdn.horizon.tv\/dash\/NL_000080_019484\/manifest.mpd&%%&urn:orion:media:std:lgi-nl-prod-master:NL_000080_019484_ORION_Orion-DASH","name":"NPO 2 Extra","icon":"https:\/\/staticqbr-nl-prod.prod.cdn.dmdsdp.com\/image-service\/ImagesEPG\/EventImages\/npo2_extra_2018.png?style=content-station-logo-xlarge","description":"","channelno":"222","erotica":"0","minimal":"1","replay":"0","regional":"0","home_only":"0"},"lgi-nl-prod-master:NL_000081_020051":{"id":"lgi-nl-prod-master:NL_000081_020051","assetid":"http:\/\/obc2-1-nl-prod.live.dyncdn.horizon.tv\/dash\/NL_000081_020051\/manifest.mpd&%%&urn:orion:media:std:lgi-nl-prod-master:NL_000081_020051_ORION_Orion-DASH","name":"Family7","icon":"https:\/\/staticqbr-nl-prod.prod.cdn.dmdsdp.com\/image-service\/ImagesEPG\/EventImages\/family7.png?style=content-station-logo-xlarge","description":"","channelno":"230","erotica":"0","minimal":"1","replay":"0","regional":"0","home_only":"0"},"lgi-nl-prod-master:NL_000193_019342":{"id":"lgi-nl-prod-master:NL_000193_019342","assetid":"http:\/\/obc2-7-nl-prod.live.dyncdn.horizon.tv\/dash\/NL_000193_019342\/manifest.mpd&%%&urn:orion:media:std:lgi-nl-prod-master:NL_000193_019342_ORION_Orion-DASH","name":"Tommy TV","icon":"https:\/\/staticqbr-nl-prod.prod.cdn.dmdsdp.com\/image-service\/ImagesEPG\/EventImages\/tommy_tv.png?style=content-station-logo-xlarge","description":"","channelno":"250","erotica":"0","minimal":"1","replay":"0","regional":"0","home_only":"0"},"lgi-nl-prod-master:NL_000084_019301":{"id":"lgi-nl-prod-master:NL_000084_019301","assetid":"http:\/\/obc2-4-nl-prod.live.dyncdn.horizon.tv\/dash\/NL_000084_019301\/manifest.mpd&%%&urn:orion:media:std:lgi-nl-prod-master:NL_000084_019301_ORION_Orion-DASH","name":"Nicktoons","icon":"https:\/\/staticqbr-nl-prod.prod.cdn.dmdsdp.com\/image-service\/ImagesEPG\/EventImages\/nick_toons1.png?style=content-station-logo-xlarge","description":"","channelno":"303","erotica":"0","minimal":"0","replay":"0","regional":"0","home_only":"0"},"lgi-nl-prod-master:NL_000085_019494":{"id":"lgi-nl-prod-master:NL_000085_019494","assetid":"http:\/\/obc2-5-nl-prod.live.dyncdn.horizon.tv\/dash\/NL_000085_019494\/manifest.mpd&%%&urn:orion:media:std:lgi-nl-prod-master:NL_000085_019494_ORION_Orion-DASH","name":"Nick Music","icon":"https:\/\/staticqbr-nl-prod.prod.cdn.dmdsdp.com\/image-service\/ImagesEPG\/EventImages\/nick_music.png?style=content-station-logo-xlarge","description":"","channelno":"304","erotica":"0","minimal":"0","replay":"0","regional":"0","home_only":"0"},"lgi-nl-prod-master:NL_000086_020067":{"id":"lgi-nl-prod-master:NL_000086_020067","assetid":"http:\/\/obc2-6-nl-prod.live.dyncdn.horizon.tv\/dash\/NL_000086_020067\/manifest.mpd&%%&urn:orion:media:std:lgi-nl-prod-master:NL_000086_020067_ORION_Orion-DASH","name":"Pebble TV","icon":"https:\/\/staticqbr-nl-prod.prod.cdn.dmdsdp.com\/image-service\/ImagesEPG\/EventImages\/pebble_tv.png?style=content-station-logo-xlarge","description":"","channelno":"305","erotica":"0","minimal":"0","replay":"0","regional":"0","home_only":"0"},"lgi-nl-prod-master:NL_000087_019303":{"id":"lgi-nl-prod-master:NL_000087_019303","assetid":"http:\/\/obc2-7-nl-prod.live.dyncdn.horizon.tv\/dash\/NL_000087_019303\/manifest.mpd&%%&urn:orion:media:std:lgi-nl-prod-master:NL_000087_019303_ORION_Orion-DASH","name":"Nick Jr.","icon":"https:\/\/staticqbr-nl-prod.prod.cdn.dmdsdp.com\/image-service\/ImagesEPG\/EventImages\/nick_jr.png?style=content-station-logo-xlarge","description":"","channelno":"306","erotica":"0","minimal":"0","replay":"1","regional":"0","home_only":"0"},"lgi-nl-prod-master:NL_000088_019251":{"id":"lgi-nl-prod-master:NL_000088_019251","assetid":"http:\/\/obc1-1-nl-prod.live.dyncdn.horizon.tv\/dash\/NL_000088_019251\/manifest.mpd&%%&urn:orion:media:std:lgi-nl-prod-master:NL_000088_019251_ORION_Orion-DASH","name":"Cartoon Network HD","icon":"https:\/\/staticqbr-nl-prod.prod.cdn.dmdsdp.com\/image-service\/ImagesEPG\/EventImages\/cartoon_network.png?style=content-station-logo-xlarge","description":"","channelno":"307","erotica":"0","minimal":"1","replay":"1","regional":"0","home_only":"0"},"lgi-nl-prod-master:NL_000090_019492":{"id":"lgi-nl-prod-master:NL_000090_019492","assetid":"http:\/\/obc2-9-nl-prod.live.dyncdn.horizon.tv\/dash\/NL_000090_019492\/manifest.mpd&%%&urn:orion:media:std:lgi-nl-prod-master:NL_000090_019492_ORION_Orion-DASH","name":"Boomerang","icon":"https:\/\/staticqbr-nl-prod.prod.cdn.dmdsdp.com\/image-service\/ImagesEPG\/EventImages\/boomerang_1.png?style=content-station-logo-xlarge","description":"","channelno":"309","erotica":"0","minimal":"0","replay":"0","regional":"0","home_only":"0"},"lgi-nl-prod-master:NL_000091_019490":{"id":"lgi-nl-prod-master:NL_000091_019490","assetid":"http:\/\/obc2-10-nl-prod.live.dyncdn.horizon.tv\/dash\/NL_000091_019490\/manifest.mpd&%%&urn:orion:media:std:lgi-nl-prod-master:NL_000091_019490_ORION_Orion-DASH","name":"Baby TV","icon":"https:\/\/staticqbr-nl-prod.prod.cdn.dmdsdp.com\/image-service\/ImagesEPG\/EventImages\/babytv_2018.png?style=content-station-logo-xlarge","description":"","channelno":"310","erotica":"0","minimal":"0","replay":"0","regional":"0","home_only":"0"},"lgi-nl-prod-master:NL_000092_020048":{"id":"lgi-nl-prod-master:NL_000092_020048","assetid":"http:\/\/obc2-11-nl-prod.live.dyncdn.horizon.tv\/dash\/NL_000092_020048\/manifest.mpd&%%&urn:orion:media:std:lgi-nl-prod-master:NL_000092_020048_ORION_Orion-DASH","name":"NPO Zappelin Extra","icon":"https:\/\/staticqbr-nl-prod.prod.cdn.dmdsdp.com\/image-service\/ImagesEPG\/EventImages\/npo_zappelin_extra_2019.png?style=content-station-logo-xlarge","description":"","channelno":"311","erotica":"0","minimal":"1","replay":"1","regional":"0","home_only":"0"},"lgi-nl-prod-master:NL_000093_019299":{"id":"lgi-nl-prod-master:NL_000093_019299","assetid":"http:\/\/obc1-4-nl-prod.live.dyncdn.horizon.tv\/dash\/NL_000093_019299\/manifest.mpd&%%&urn:orion:media:std:lgi-nl-prod-master:NL_000093_019299_ORION_Orion-DASH","name":"RTL Telekids HD","icon":"https:\/\/staticqbr-nl-prod.prod.cdn.dmdsdp.com\/image-service\/ImagesEPG\/EventImages\/rtl_telekids_2017.png?style=content-station-logo-xlarge","description":"","channelno":"312","erotica":"0","minimal":"0","replay":"1","regional":"0","home_only":"0"},"lgi-nl-prod-master:NL_000094_019321":{"id":"lgi-nl-prod-master:NL_000094_019321","assetid":"http:\/\/obc5-2-nl-prod.live.dyncdn.horizon.tv\/dash\/NL_000094_019321\/manifest.mpd&%%&urn:orion:media:std:lgi-nl-prod-master:NL_000094_019321_ORION_Orion-DASH","name":"Ziggo Sport Select HD","icon":"https:\/\/staticqbr-nl-prod.prod.cdn.dmdsdp.com\/image-service\/ImagesEPG\/EventImages\/ziggo_sport_select_2018.png?style=content-station-logo-xlarge","description":"","channelno":"401","erotica":"0","minimal":"0","replay":"1","regional":"0","home_only":"0"},"lgi-nl-prod-master:NL_000095_019371":{"id":"lgi-nl-prod-master:NL_000095_019371","assetid":"http:\/\/obc1-3-nl-prod.live.dyncdn.horizon.tv\/dash\/NL_000095_019371\/manifest.mpd&%%&urn:orion:media:std:lgi-nl-prod-master:NL_000095_019371_ORION_Orion-DASH","name":"Ziggo Sport Voetbal HD","icon":"https:\/\/staticqbr-nl-prod.prod.cdn.dmdsdp.com\/image-service\/ImagesEPG\/EventImages\/ziggo_sport_voetbal_2018.png?style=content-station-logo-xlarge","description":"","channelno":"402","erotica":"0","minimal":"0","replay":"1","regional":"0","home_only":"0"},"lgi-nl-prod-master:NL_000096_019382":{"id":"lgi-nl-prod-master:NL_000096_019382","assetid":"http:\/\/obc5-3-nl-prod.live.dyncdn.horizon.tv\/dash\/NL_000096_019382\/manifest.mpd&%%&urn:orion:media:std:lgi-nl-prod-master:NL_000096_019382_ORION_Orion-DASH","name":"Ziggo Sport Golf HD","icon":"https:\/\/staticqbr-nl-prod.prod.cdn.dmdsdp.com\/image-service\/ImagesEPG\/EventImages\/ziggo_sport_golf_2018.png?style=content-station-logo-xlarge","description":"","channelno":"403","erotica":"0","minimal":"0","replay":"1","regional":"0","home_only":"0"},"lgi-nl-prod-master:NL_000097_019370":{"id":"lgi-nl-prod-master:NL_000097_019370","assetid":"http:\/\/obc1-4-nl-prod.live.dyncdn.horizon.tv\/dash\/NL_000097_019370\/manifest.mpd&%%&urn:orion:media:std:lgi-nl-prod-master:NL_000097_019370_ORION_Orion-DASH","name":"Ziggo Sport Racing HD","icon":"https:\/\/staticqbr-nl-prod.prod.cdn.dmdsdp.com\/image-service\/ImagesEPG\/EventImages\/ziggo_sport_racing_2018.png?style=content-station-logo-xlarge","description":"","channelno":"404","erotica":"0","minimal":"0","replay":"1","regional":"0","home_only":"0"},"lgi-nl-prod-master:NL_000098_019255":{"id":"lgi-nl-prod-master:NL_000098_019255","assetid":"http:\/\/obc5-5-nl-prod.live.dyncdn.horizon.tv\/dash\/NL_000098_019255\/manifest.mpd&%%&urn:orion:media:std:lgi-nl-prod-master:NL_000098_019255_ORION_Orion-DASH","name":"Ziggo Sport Docu HD","icon":"https:\/\/staticqbr-nl-prod.prod.cdn.dmdsdp.com\/image-service\/ImagesEPG\/EventImages\/ziggo_sport_docu_2018.png?style=content-station-logo-xlarge","description":"","channelno":"405","erotica":"0","minimal":"0","replay":"0","regional":"0","home_only":"0"},"lgi-nl-prod-master:NL_000099_019256":{"id":"lgi-nl-prod-master:NL_000099_019256","assetid":"http:\/\/obc5-4-nl-prod.live.dyncdn.horizon.tv\/dash\/NL_000099_019256\/manifest.mpd&%%&urn:orion:media:std:lgi-nl-prod-master:NL_000099_019256_ORION_Orion-DASH","name":"Ziggo Sport Tennis","icon":"https:\/\/staticqbr-nl-prod.prod.cdn.dmdsdp.com\/image-service\/ImagesEPG\/EventImages\/ziggosport_tennis_2021.png?style=content-station-logo-xlarge","description":"","channelno":"406","erotica":"0","minimal":"0","replay":"0","regional":"0","home_only":"0"},"lgi-nl-prod-master:NL_000103_019581":{"id":"lgi-nl-prod-master:NL_000103_019581","assetid":"http:\/\/obc5-4-nl-prod.live.dyncdn.horizon.tv\/dash\/NL_000103_019581\/manifest.mpd&%%&urn:orion:media:std:lgi-nl-prod-master:NL_000103_019581_ORION_Orion-DASH","name":"Eurosport 2 HD","icon":"https:\/\/staticqbr-nl-prod.prod.cdn.dmdsdp.com\/image-service\/ImagesEPG\/EventImages\/eurosport2_v2.png?style=content-station-logo-xlarge","description":"","channelno":"411","erotica":"0","minimal":"0","replay":"1","regional":"0","home_only":"0"},"lgi-nl-prod-master:NL_000104_019292":{"id":"lgi-nl-prod-master:NL_000104_019292","assetid":"http:\/\/obc2-12-nl-prod.live.dyncdn.horizon.tv\/dash\/NL_000104_019292\/manifest.mpd&%%&urn:orion:media:std:lgi-nl-prod-master:NL_000104_019292_ORION_Orion-DASH","name":"Extreme Sports Channel","icon":"https:\/\/staticqbr-nl-prod.prod.cdn.dmdsdp.com\/image-service\/ImagesEPG\/EventImages\/extreme_sports.png?style=content-station-logo-xlarge","description":"","channelno":"412","erotica":"0","minimal":"0","replay":"0","regional":"0","home_only":"0"},"lgi-nl-prod-master:NL_000107_019441":{"id":"lgi-nl-prod-master:NL_000107_019441","assetid":"http:\/\/obc5-5-nl-prod.live.dyncdn.horizon.tv\/dash\/NL_000107_019441\/manifest.mpd&%%&urn:orion:media:std:lgi-nl-prod-master:NL_000107_019441_ORION_Orion-DASH","name":"ESPN","icon":"https:\/\/staticqbr-nl-prod.prod.cdn.dmdsdp.com\/image-service\/ImagesEPG\/EventImages\/espn_2020.png?style=content-station-logo-xlarge","description":"","channelno":"421","erotica":"0","minimal":"0","replay":"1","regional":"0","home_only":"0"},"lgi-nl-prod-master:NL_000108_019561":{"id":"lgi-nl-prod-master:NL_000108_019561","assetid":"http:\/\/obc1-5-nl-prod.live.dyncdn.horizon.tv\/dash\/NL_000108_019561\/manifest.mpd&%%&urn:orion:media:std:lgi-nl-prod-master:NL_000108_019561_ORION_Orion-DASH","name":"ESPN 2","icon":"https:\/\/staticqbr-nl-prod.prod.cdn.dmdsdp.com\/image-service\/ImagesEPG\/EventImages\/espn2_2020.png?style=content-station-logo-xlarge","description":"","channelno":"422","erotica":"0","minimal":"0","replay":"1","regional":"0","home_only":"0"},"lgi-nl-prod-master:NL_000109_019464":{"id":"lgi-nl-prod-master:NL_000109_019464","assetid":"http:\/\/obc5-6-nl-prod.live.dyncdn.horizon.tv\/dash\/NL_000109_019464\/manifest.mpd&%%&urn:orion:media:std:lgi-nl-prod-master:NL_000109_019464_ORION_Orion-DASH","name":"ESPN 3","icon":"https:\/\/staticqbr-nl-prod.prod.cdn.dmdsdp.com\/image-service\/ImagesEPG\/EventImages\/espn3_2020.png?style=content-station-logo-xlarge","description":"","channelno":"423","erotica":"0","minimal":"0","replay":"1","regional":"0","home_only":"0"},"lgi-nl-prod-master:NL_000110_019562":{"id":"lgi-nl-prod-master:NL_000110_019562","assetid":"http:\/\/obc1-6-nl-prod.live.dyncdn.horizon.tv\/dash\/NL_000110_019562\/manifest.mpd&%%&urn:orion:media:std:lgi-nl-prod-master:NL_000110_019562_ORION_Orion-DASH","name":"ESPN 4","icon":"https:\/\/staticqbr-nl-prod.prod.cdn.dmdsdp.com\/image-service\/ImagesEPG\/EventImages\/espn4_2020.png?style=content-station-logo-xlarge","description":"","channelno":"424","erotica":"0","minimal":"0","replay":"1","regional":"0","home_only":"0"},"lgi-nl-prod-master:NL_000111_019227":{"id":"lgi-nl-prod-master:NL_000111_019227","assetid":"http:\/\/obc5-6-nl-prod.live.dyncdn.horizon.tv\/dash\/NL_000111_019227\/manifest.mpd&%%&urn:orion:media:std:lgi-nl-prod-master:NL_000111_019227_ORION_Orion-DASH","name":"ESPN 5","icon":"https:\/\/staticqbr-nl-prod.prod.cdn.dmdsdp.com\/image-service\/ImagesEPG\/EventImages\/espn5_2020.png?style=content-station-logo-xlarge","description":"","channelno":"425","erotica":"0","minimal":"0","replay":"1","regional":"0","home_only":"0"},"lgi-nl-prod-master:NL_000112_019385":{"id":"lgi-nl-prod-master:NL_000112_019385","assetid":"http:\/\/obc1-1-nl-prod.live.dyncdn.horizon.tv\/dash\/NL_000112_019385\/manifest.mpd&%%&urn:orion:media:std:lgi-nl-prod-master:NL_000112_019385_ORION_Orion-DASH","name":"ESPN 6","icon":"https:\/\/staticqbr-nl-prod.prod.cdn.dmdsdp.com\/image-service\/ImagesEPG\/EventImages\/espn6_2020.png?style=content-station-logo-xlarge","description":"","channelno":"426","erotica":"0","minimal":"0","replay":"1","regional":"0","home_only":"0"},"lgi-nl-prod-master:NL_000113_019150":{"id":"lgi-nl-prod-master:NL_000113_019150","assetid":"http:\/\/obc2-2-nl-prod.live.dyncdn.horizon.tv\/dash\/NL_000113_019150\/manifest.mpd&%%&urn:orion:media:std:lgi-nl-prod-master:NL_000113_019150_ORION_Orion-DASH","name":"NPO Nieuws","icon":"https:\/\/staticqbr-nl-prod.prod.cdn.dmdsdp.com\/image-service\/ImagesEPG\/EventImages\/npo_nieuws.png?style=content-station-logo-xlarge","description":"","channelno":"501","erotica":"0","minimal":"1","replay":"0","regional":"0","home_only":"0"},"lgi-nl-prod-master:NL_000114_019151":{"id":"lgi-nl-prod-master:NL_000114_019151","assetid":"http:\/\/obc2-3-nl-prod.live.dyncdn.horizon.tv\/dash\/NL_000114_019151\/manifest.mpd&%%&urn:orion:media:std:lgi-nl-prod-master:NL_000114_019151_ORION_Orion-DASH","name":"NPO Politiek","icon":"https:\/\/staticqbr-nl-prod.prod.cdn.dmdsdp.com\/image-service\/ImagesEPG\/EventImages\/npo_politiek.png?style=content-station-logo-xlarge","description":"","channelno":"502","erotica":"0","minimal":"1","replay":"1","regional":"0","home_only":"0"},"lgi-nl-prod-master:NL_000115_019447":{"id":"lgi-nl-prod-master:NL_000115_019447","assetid":"http:\/\/obc2-4-nl-prod.live.dyncdn.horizon.tv\/dash\/NL_000115_019447\/manifest.mpd&%%&urn:orion:media:std:lgi-nl-prod-master:NL_000115_019447_ORION_Orion-DASH","name":"CNN","icon":"https:\/\/staticqbr-nl-prod.prod.cdn.dmdsdp.com\/image-service\/ImagesEPG\/EventImages\/cnn.png?style=content-station-logo-xlarge","description":"","channelno":"503","erotica":"0","minimal":"1","replay":"1","regional":"0","home_only":"0"},"lgi-nl-prod-master:NL_000116_019005":{"id":"lgi-nl-prod-master:NL_000116_019005","assetid":"http:\/\/obc2-5-nl-prod.live.dyncdn.horizon.tv\/dash\/NL_000116_019005\/manifest.mpd&%%&urn:orion:media:std:lgi-nl-prod-master:NL_000116_019005_ORION_Orion-DASH","name":"BBC World News","icon":"https:\/\/staticqbr-nl-prod.prod.cdn.dmdsdp.com\/image-service\/ImagesEPG\/EventImages\/bbc_world_news.png?style=content-station-logo-xlarge","description":"","channelno":"504","erotica":"0","minimal":"1","replay":"0","regional":"0","home_only":"0"},"lgi-nl-prod-master:NL_000117_019351":{"id":"lgi-nl-prod-master:NL_000117_019351","assetid":"http:\/\/obc2-6-nl-prod.live.dyncdn.horizon.tv\/dash\/NL_000117_019351\/manifest.mpd&%%&urn:orion:media:std:lgi-nl-prod-master:NL_000117_019351_ORION_Orion-DASH","name":"Euronews","icon":"https:\/\/staticqbr-nl-prod.prod.cdn.dmdsdp.com\/image-service\/ImagesEPG\/EventImages\/euronews_1.png?style=content-station-logo-xlarge","description":"","channelno":"505","erotica":"0","minimal":"1","replay":"0","regional":"0","home_only":"0"},"lgi-nl-prod-master:NL_000118_019350":{"id":"lgi-nl-prod-master:NL_000118_019350","assetid":"http:\/\/obc2-7-nl-prod.live.dyncdn.horizon.tv\/dash\/NL_000118_019350\/manifest.mpd&%%&urn:orion:media:std:lgi-nl-prod-master:NL_000118_019350_ORION_Orion-DASH","name":"Aljazeera English","icon":"https:\/\/staticqbr-nl-prod.prod.cdn.dmdsdp.com\/image-service\/ImagesEPG\/EventImages\/al_jazeera_english1.png?style=content-station-logo-xlarge","description":"","channelno":"506","erotica":"0","minimal":"1","replay":"0","regional":"0","home_only":"0"},"lgi-nl-prod-master:NL_000119_019481":{"id":"lgi-nl-prod-master:NL_000119_019481","assetid":"http:\/\/obc2-8-nl-prod.live.dyncdn.horizon.tv\/dash\/NL_000119_019481\/manifest.mpd&%%&urn:orion:media:std:lgi-nl-prod-master:NL_000119_019481_ORION_Orion-DASH","name":"CNBC Europe","icon":"https:\/\/staticqbr-nl-prod.prod.cdn.dmdsdp.com\/image-service\/ImagesEPG\/EventImages\/cnbc.png?style=content-station-logo-xlarge","description":"","channelno":"507","erotica":"0","minimal":"0","replay":"0","regional":"0","home_only":"0"},"lgi-nl-prod-master:NL_000120_020046":{"id":"lgi-nl-prod-master:NL_000120_020046","assetid":"http:\/\/obc2-9-nl-prod.live.dyncdn.horizon.tv\/dash\/NL_000120_020046\/manifest.mpd&%%&urn:orion:media:std:lgi-nl-prod-master:NL_000120_020046_ORION_Orion-DASH","name":"CGTN","icon":"https:\/\/staticqbr-nl-prod.prod.cdn.dmdsdp.com\/image-service\/ImagesEPG\/EventImages\/cgtn.png?style=content-station-logo-xlarge","description":"","channelno":"508","erotica":"0","minimal":"1","replay":"0","regional":"0","home_only":"0"},"lgi-nl-prod-master:NL_000122_019495":{"id":"lgi-nl-prod-master:NL_000122_019495","assetid":"http:\/\/obc2-11-nl-prod.live.dyncdn.horizon.tv\/dash\/NL_000122_019495\/manifest.mpd&%%&urn:orion:media:std:lgi-nl-prod-master:NL_000122_019495_ORION_Orion-DASH","name":"TV538","icon":"https:\/\/staticqbr-nl-prod.prod.cdn.dmdsdp.com\/image-service\/ImagesEPG\/EventImages\/tv_538_2.png?style=content-station-logo-xlarge","description":"","channelno":"538","erotica":"0","minimal":"0","replay":"0","regional":"0","home_only":"0"},"lgi-nl-prod-master:NL_000123_019304":{"id":"lgi-nl-prod-master:NL_000123_019304","assetid":"http:\/\/obc2-12-nl-prod.live.dyncdn.horizon.tv\/dash\/NL_000123_019304\/manifest.mpd&%%&urn:orion:media:std:lgi-nl-prod-master:NL_000123_019304_ORION_Orion-DASH","name":"MTV 90s","icon":"https:\/\/staticqbr-nl-prod.prod.cdn.dmdsdp.com\/image-service\/ImagesEPG\/EventImages\/mtv_90s.png?style=content-station-logo-xlarge","description":"","channelno":"601","erotica":"0","minimal":"0","replay":"0","regional":"0","home_only":"0"},"lgi-nl-prod-master:NL_000126_019486":{"id":"lgi-nl-prod-master:NL_000126_019486","assetid":"http:\/\/obc2-2-nl-prod.live.dyncdn.horizon.tv\/dash\/NL_000126_019486\/manifest.mpd&%%&urn:orion:media:std:lgi-nl-prod-master:NL_000126_019486_ORION_Orion-DASH","name":"MTV Hits","icon":"https:\/\/staticqbr-nl-prod.prod.cdn.dmdsdp.com\/image-service\/ImagesEPG\/EventImages\/mtv_hits.png?style=content-station-logo-xlarge","description":"","channelno":"602","erotica":"0","minimal":"0","replay":"0","regional":"0","home_only":"0"},"lgi-nl-prod-master:NL_000135_020029":{"id":"lgi-nl-prod-master:NL_000135_020029","assetid":"http:\/\/obc1-2-nl-prod.live.dyncdn.horizon.tv\/dash\/NL_000135_020029\/manifest.mpd&%%&urn:orion:media:std:lgi-nl-prod-master:NL_000135_020029_ORION_Orion-DASH","name":"MTV Live HD","icon":"https:\/\/staticqbr-nl-prod.prod.cdn.dmdsdp.com\/image-service\/ImagesEPG\/EventImages\/mtv_live_hd.png?style=content-station-logo-xlarge","description":"","channelno":"603","erotica":"0","minimal":"0","replay":"0","regional":"0","home_only":"0"},"lgi-nl-prod-master:NL_000125_019294":{"id":"lgi-nl-prod-master:NL_000125_019294","assetid":"http:\/\/obc2-1-nl-prod.live.dyncdn.horizon.tv\/dash\/NL_000125_019294\/manifest.mpd&%%&urn:orion:media:std:lgi-nl-prod-master:NL_000125_019294_ORION_Orion-DASH","name":"SLAM","icon":"https:\/\/staticqbr-nl-prod.prod.cdn.dmdsdp.com\/image-service\/ImagesEPG\/EventImages\/slam_tv_v2.png?style=content-station-logo-xlarge","description":"","channelno":"604","erotica":"0","minimal":"0","replay":"0","regional":"0","home_only":"0"},"lgi-nl-prod-master:NL_000124_019487":{"id":"lgi-nl-prod-master:NL_000124_019487","assetid":"http:\/\/obc5-1-nl-prod.live.dyncdn.horizon.tv\/dash\/NL_000124_019487\/manifest.mpd&%%&urn:orion:media:std:lgi-nl-prod-master:NL_000124_019487_ORION_Orion-DASH","name":"DanceTelevision","icon":"https:\/\/staticqbr-nl-prod.prod.cdn.dmdsdp.com\/image-service\/ImagesEPG\/EventImages\/dance_television.png?style=content-station-logo-xlarge","description":"","channelno":"605","erotica":"0","minimal":"0","replay":"0","regional":"0","home_only":"0"},"lgi-nl-prod-master:NL_000127_019295":{"id":"lgi-nl-prod-master:NL_000127_019295","assetid":"http:\/\/obc2-3-nl-prod.live.dyncdn.horizon.tv\/dash\/NL_000127_019295\/manifest.mpd&%%&urn:orion:media:std:lgi-nl-prod-master:NL_000127_019295_ORION_Orion-DASH","name":"Stingray LiteTV","icon":"https:\/\/staticqbr-nl-prod.prod.cdn.dmdsdp.com\/image-service\/ImagesEPG\/EventImages\/stingray_lite_tv.png?style=content-station-logo-xlarge","description":"","channelno":"606","erotica":"0","minimal":"0","replay":"0","regional":"0","home_only":"0"},"lgi-nl-prod-master:NL_000128_019254":{"id":"lgi-nl-prod-master:NL_000128_019254","assetid":"http:\/\/obc2-4-nl-prod.live.dyncdn.horizon.tv\/dash\/NL_000128_019254\/manifest.mpd&%%&urn:orion:media:std:lgi-nl-prod-master:NL_000128_019254_ORION_Orion-DASH","name":"MTV 80s","icon":"https:\/\/staticqbr-nl-prod.prod.cdn.dmdsdp.com\/image-service\/ImagesEPG\/EventImages\/mtv80s.png?style=content-station-logo-xlarge","description":"","channelno":"607","erotica":"0","minimal":"0","replay":"0","regional":"0","home_only":"0"},"lgi-nl-prod-master:NL_000133_019271":{"id":"lgi-nl-prod-master:NL_000133_019271","assetid":"http:\/\/obc2-1-nl-prod.live.dyncdn.horizon.tv\/dash\/NL_000133_019271\/manifest.mpd&%%&urn:orion:media:std:lgi-nl-prod-master:NL_000133_019271_ORION_Orion-DASH","name":"100% NL TV","icon":"https:\/\/staticqbr-nl-prod.prod.cdn.dmdsdp.com\/image-service\/ImagesEPG\/EventImages\/100pnl_tv.png?style=content-station-logo-xlarge","description":"","channelno":"608","erotica":"0","minimal":"0","replay":"0","regional":"0","home_only":"0"},"lgi-nl-prod-master:NL_000132_019278":{"id":"lgi-nl-prod-master:NL_000132_019278","assetid":"http:\/\/obc2-1-nl-prod.live.dyncdn.horizon.tv\/dash\/NL_000132_019278\/manifest.mpd&%%&urn:orion:media:std:lgi-nl-prod-master:NL_000132_019278_ORION_Orion-DASH","name":"TV Oranje","icon":"https:\/\/staticqbr-nl-prod.prod.cdn.dmdsdp.com\/image-service\/ImagesEPG\/EventImages\/tv_oranje.png?style=content-station-logo-xlarge","description":"","channelno":"609","erotica":"0","minimal":"0","replay":"0","regional":"0","home_only":"0"},"lgi-nl-prod-master:NL_000134_019296":{"id":"lgi-nl-prod-master:NL_000134_019296","assetid":"http:\/\/obc2-8-nl-prod.live.dyncdn.horizon.tv\/dash\/NL_000134_019296\/manifest.mpd&%%&urn:orion:media:std:lgi-nl-prod-master:NL_000134_019296_ORION_Orion-DASH","name":"192TV","icon":"https:\/\/staticqbr-nl-prod.prod.cdn.dmdsdp.com\/image-service\/ImagesEPG\/EventImages\/192_tv.png?style=content-station-logo-xlarge","description":"","channelno":"610","erotica":"0","minimal":"0","replay":"0","regional":"0","home_only":"0"},"lgi-nl-prod-master:NL_000131_019248":{"id":"lgi-nl-prod-master:NL_000131_019248","assetid":"http:\/\/obc2-7-nl-prod.live.dyncdn.horizon.tv\/dash\/NL_000131_019248\/manifest.mpd&%%&urn:orion:media:std:lgi-nl-prod-master:NL_000131_019248_ORION_Orion-DASH","name":"Stingray DJAZZ","icon":"https:\/\/staticqbr-nl-prod.prod.cdn.dmdsdp.com\/image-service\/ImagesEPG\/EventImages\/stingray_djazz.png?style=content-station-logo-xlarge","description":"","channelno":"611","erotica":"0","minimal":"0","replay":"0","regional":"0","home_only":"0"},"lgi-nl-prod-master:NL_000130_019274":{"id":"lgi-nl-prod-master:NL_000130_019274","assetid":"http:\/\/obc2-6-nl-prod.live.dyncdn.horizon.tv\/dash\/NL_000130_019274\/manifest.mpd&%%&urn:orion:media:std:lgi-nl-prod-master:NL_000130_019274_ORION_Orion-DASH","name":"Mezzo","icon":"https:\/\/staticqbr-nl-prod.prod.cdn.dmdsdp.com\/image-service\/ImagesEPG\/EventImages\/mezzo.png?style=content-station-logo-xlarge","description":"","channelno":"612","erotica":"0","minimal":"0","replay":"0","regional":"0","home_only":"0"},"lgi-nl-prod-master:NL_000129_020044":{"id":"lgi-nl-prod-master:NL_000129_020044","assetid":"http:\/\/obc2-5-nl-prod.live.dyncdn.horizon.tv\/dash\/NL_000129_020044\/manifest.mpd&%%&urn:orion:media:std:lgi-nl-prod-master:NL_000129_020044_ORION_Orion-DASH","name":"Stingray Classica","icon":"https:\/\/staticqbr-nl-prod.prod.cdn.dmdsdp.com\/image-service\/ImagesEPG\/EventImages\/stingray_classica.png?style=content-station-logo-xlarge","description":"","channelno":"613","erotica":"0","minimal":"1","replay":"0","regional":"0","home_only":"0"},"lgi-nl-prod-master:NL_000136_019583":{"id":"lgi-nl-prod-master:NL_000136_019583","assetid":"http:\/\/obc2-9-nl-prod.live.dyncdn.horizon.tv\/dash\/NL_000136_019583\/manifest.mpd&%%&urn:orion:media:std:lgi-nl-prod-master:NL_000136_019583_ORION_Orion-DASH","name":"TV Noord","icon":"https:\/\/staticqbr-nl-prod.prod.cdn.dmdsdp.com\/image-service\/ImagesEPG\/EventImages\/rtv_noord.png?style=content-station-logo-xlarge","description":"","channelno":"701","erotica":"0","minimal":"1","replay":"1","regional":"1","home_only":"0"},"lgi-nl-prod-master:NL_000137_019214":{"id":"lgi-nl-prod-master:NL_000137_019214","assetid":"http:\/\/obc2-10-nl-prod.live.dyncdn.horizon.tv\/dash\/NL_000137_019214\/manifest.mpd&%%&urn:orion:media:std:lgi-nl-prod-master:NL_000137_019214_ORION_Orion-DASH","name":"Omrop Frysl\u00e2n","icon":"https:\/\/staticqbr-nl-prod.prod.cdn.dmdsdp.com\/image-service\/ImagesEPG\/EventImages\/omroep_friesland_1.png?style=content-station-logo-xlarge","description":"","channelno":"702","erotica":"0","minimal":"1","replay":"1","regional":"1","home_only":"0"},"lgi-nl-prod-master:NL_000138_019591":{"id":"lgi-nl-prod-master:NL_000138_019591","assetid":"http:\/\/obc2-11-nl-prod.live.dyncdn.horizon.tv\/dash\/NL_000138_019591\/manifest.mpd&%%&urn:orion:media:std:lgi-nl-prod-master:NL_000138_019591_ORION_Orion-DASH","name":"TV Drenthe","icon":"https:\/\/staticqbr-nl-prod.prod.cdn.dmdsdp.com\/image-service\/ImagesEPG\/EventImages\/rtv_drenthe_1.png?style=content-station-logo-xlarge","description":"","channelno":"703","erotica":"0","minimal":"1","replay":"1","regional":"1","home_only":"0"},"lgi-nl-prod-master:NL_000139_019592":{"id":"lgi-nl-prod-master:NL_000139_019592","assetid":"http:\/\/obc2-4-nl-prod.live.dyncdn.horizon.tv\/dash\/NL_000139_019592\/manifest.mpd&%%&urn:orion:media:std:lgi-nl-prod-master:NL_000139_019592_ORION_Orion-DASH","name":"TV Oost","icon":"https:\/\/staticqbr-nl-prod.prod.cdn.dmdsdp.com\/image-service\/ImagesEPG\/EventImages\/rtv_oost_1.png?style=content-station-logo-xlarge","description":"","channelno":"704","erotica":"0","minimal":"1","replay":"1","regional":"1","home_only":"0"},"lgi-nl-prod-master:NL_000140_019594":{"id":"lgi-nl-prod-master:NL_000140_019594","assetid":"http:\/\/obc2-1-nl-prod.live.dyncdn.horizon.tv\/dash\/NL_000140_019594\/manifest.mpd&%%&urn:orion:media:std:lgi-nl-prod-master:NL_000140_019594_ORION_Orion-DASH","name":"TV Gelderland","icon":"https:\/\/staticqbr-nl-prod.prod.cdn.dmdsdp.com\/image-service\/ImagesEPG\/EventImages\/omroep_gelderland.png?style=content-station-logo-xlarge","description":"","channelno":"705","erotica":"0","minimal":"1","replay":"1","regional":"1","home_only":"0"},"lgi-nl-prod-master:NL_000141_019209":{"id":"lgi-nl-prod-master:NL_000141_019209","assetid":"http:\/\/obc2-2-nl-prod.live.dyncdn.horizon.tv\/dash\/NL_000141_019209\/manifest.mpd&%%&urn:orion:media:std:lgi-nl-prod-master:NL_000141_019209_ORION_Orion-DASH","name":"Omroep Flevoland","icon":"https:\/\/staticqbr-nl-prod.prod.cdn.dmdsdp.com\/image-service\/ImagesEPG\/EventImages\/omroep_flevoland.png?style=content-station-logo-xlarge","description":"","channelno":"706","erotica":"0","minimal":"1","replay":"1","regional":"1","home_only":"0"},"lgi-nl-prod-master:NL_000142_019211":{"id":"lgi-nl-prod-master:NL_000142_019211","assetid":"http:\/\/obc2-2-nl-prod.live.dyncdn.horizon.tv\/dash\/NL_000142_019211\/manifest.mpd&%%&urn:orion:media:std:lgi-nl-prod-master:NL_000142_019211_ORION_Orion-DASH","name":"NH Nieuws","icon":"https:\/\/staticqbr-nl-prod.prod.cdn.dmdsdp.com\/image-service\/ImagesEPG\/EventImages\/nh_nieuws.png?style=content-station-logo-xlarge","description":"","channelno":"707","erotica":"0","minimal":"1","replay":"1","regional":"1","home_only":"0"},"lgi-nl-prod-master:NL_000143_019207":{"id":"lgi-nl-prod-master:NL_000143_019207","assetid":"http:\/\/obc2-3-nl-prod.live.dyncdn.horizon.tv\/dash\/NL_000143_019207\/manifest.mpd&%%&urn:orion:media:std:lgi-nl-prod-master:NL_000143_019207_ORION_Orion-DASH","name":"RTV Utrecht","icon":"https:\/\/staticqbr-nl-prod.prod.cdn.dmdsdp.com\/image-service\/ImagesEPG\/EventImages\/rtv_utrecht_2.png?style=content-station-logo-xlarge","description":"","channelno":"708","erotica":"0","minimal":"1","replay":"1","regional":"1","home_only":"0"},"lgi-nl-prod-master:NL_000144_019212":{"id":"lgi-nl-prod-master:NL_000144_019212","assetid":"http:\/\/obc2-4-nl-prod.live.dyncdn.horizon.tv\/dash\/NL_000144_019212\/manifest.mpd&%%&urn:orion:media:std:lgi-nl-prod-master:NL_000144_019212_ORION_Orion-DASH","name":"TV West","icon":"https:\/\/staticqbr-nl-prod.prod.cdn.dmdsdp.com\/image-service\/ImagesEPG\/EventImages\/tv_west.png?style=content-station-logo-xlarge","description":"","channelno":"709","erotica":"0","minimal":"1","replay":"1","regional":"1","home_only":"0"},"lgi-nl-prod-master:NL_000145_019208":{"id":"lgi-nl-prod-master:NL_000145_019208","assetid":"http:\/\/obc2-5-nl-prod.live.dyncdn.horizon.tv\/dash\/NL_000145_019208\/manifest.mpd&%%&urn:orion:media:std:lgi-nl-prod-master:NL_000145_019208_ORION_Orion-DASH","name":"TV Rijnmond","icon":"https:\/\/staticqbr-nl-prod.prod.cdn.dmdsdp.com\/image-service\/ImagesEPG\/EventImages\/tv_rijnmond_v2.png?style=content-station-logo-xlarge","description":"","channelno":"710","erotica":"0","minimal":"1","replay":"1","regional":"1","home_only":"0"},"lgi-nl-prod-master:NL_000146_019213":{"id":"lgi-nl-prod-master:NL_000146_019213","assetid":"http:\/\/obc2-6-nl-prod.live.dyncdn.horizon.tv\/dash\/NL_000146_019213\/manifest.mpd&%%&urn:orion:media:std:lgi-nl-prod-master:NL_000146_019213_ORION_Orion-DASH","name":"Omroep Zeeland","icon":"https:\/\/staticqbr-nl-prod.prod.cdn.dmdsdp.com\/image-service\/ImagesEPG\/EventImages\/omroep_zeeland2.png?style=content-station-logo-xlarge","description":"","channelno":"711","erotica":"0","minimal":"1","replay":"1","regional":"1","home_only":"0"},"lgi-nl-prod-master:NL_000147_019593":{"id":"lgi-nl-prod-master:NL_000147_019593","assetid":"http:\/\/obc2-7-nl-prod.live.dyncdn.horizon.tv\/dash\/NL_000147_019593\/manifest.mpd&%%&urn:orion:media:std:lgi-nl-prod-master:NL_000147_019593_ORION_Orion-DASH","name":"Omroep Brabant","icon":"https:\/\/staticqbr-nl-prod.prod.cdn.dmdsdp.com\/image-service\/ImagesEPG\/EventImages\/omroep_brabant.png?style=content-station-logo-xlarge","description":"","channelno":"712","erotica":"0","minimal":"1","replay":"1","regional":"1","home_only":"0"},"lgi-nl-prod-master:NL_000148_019144":{"id":"lgi-nl-prod-master:NL_000148_019144","assetid":"http:\/\/obc2-8-nl-prod.live.dyncdn.horizon.tv\/dash\/NL_000148_019144\/manifest.mpd&%%&urn:orion:media:std:lgi-nl-prod-master:NL_000148_019144_ORION_Orion-DASH","name":"L1 TV","icon":"https:\/\/staticqbr-nl-prod.prod.cdn.dmdsdp.com\/image-service\/ImagesEPG\/EventImages\/omroep_limburg_1v2.png?style=content-station-logo-xlarge","description":"","channelno":"713","erotica":"0","minimal":"1","replay":"1","regional":"1","home_only":"0"},"lgi-nl-prod-master:NL_000149_019210":{"id":"lgi-nl-prod-master:NL_000149_019210","assetid":"http:\/\/obc2-3-nl-prod.live.dyncdn.horizon.tv\/dash\/NL_000149_019210\/manifest.mpd&%%&urn:orion:media:std:lgi-nl-prod-master:NL_000149_019210_ORION_Orion-DASH","name":"AT5","icon":"https:\/\/staticqbr-nl-prod.prod.cdn.dmdsdp.com\/image-service\/ImagesEPG\/EventImages\/at5_new.png?style=content-station-logo-xlarge","description":"","channelno":"725","erotica":"0","minimal":"1","replay":"0","regional":"1","home_only":"0"},"lgi-nl-prod-master:NL_000150_020075":{"id":"lgi-nl-prod-master:NL_000150_020075","assetid":"http:\/\/obc2-9-nl-prod.live.dyncdn.horizon.tv\/dash\/NL_000150_020075\/manifest.mpd&%%&urn:orion:media:std:lgi-nl-prod-master:NL_000150_020075_ORION_Orion-DASH","name":"Utsav Plus","icon":"https:\/\/staticqbr-nl-prod.prod.cdn.dmdsdp.com\/image-service\/ImagesEPG\/EventImages\/utsav_plus.png?style=content-station-logo-xlarge","description":"","channelno":"760","erotica":"0","minimal":"0","replay":"0","regional":"0","home_only":"0"},"lgi-nl-prod-master:NL_000151_020074":{"id":"lgi-nl-prod-master:NL_000151_020074","assetid":"http:\/\/obc2-10-nl-prod.live.dyncdn.horizon.tv\/dash\/NL_000151_020074\/manifest.mpd&%%&urn:orion:media:std:lgi-nl-prod-master:NL_000151_020074_ORION_Orion-DASH","name":"Utsav Gold","icon":"https:\/\/staticqbr-nl-prod.prod.cdn.dmdsdp.com\/image-service\/ImagesEPG\/EventImages\/utsav_gold.png?style=content-station-logo-xlarge","description":"","channelno":"761","erotica":"0","minimal":"0","replay":"0","regional":"0","home_only":"0"},"lgi-nl-prod-master:NL_000152_020077":{"id":"lgi-nl-prod-master:NL_000152_020077","assetid":"http:\/\/obc2-11-nl-prod.live.dyncdn.horizon.tv\/dash\/NL_000152_020077\/manifest.mpd&%%&urn:orion:media:std:lgi-nl-prod-master:NL_000152_020077_ORION_Orion-DASH","name":"Zee TV","icon":"https:\/\/staticqbr-nl-prod.prod.cdn.dmdsdp.com\/image-service\/ImagesEPG\/EventImages\/zee-tv-2018.png?style=content-station-logo-xlarge","description":"","channelno":"762","erotica":"0","minimal":"0","replay":"0","regional":"0","home_only":"0"},"lgi-nl-prod-master:NL_000153_020076":{"id":"lgi-nl-prod-master:NL_000153_020076","assetid":"http:\/\/obc2-12-nl-prod.live.dyncdn.horizon.tv\/dash\/NL_000153_020076\/manifest.mpd&%%&urn:orion:media:std:lgi-nl-prod-master:NL_000153_020076_ORION_Orion-DASH","name":"Zee Cinema","icon":"https:\/\/staticqbr-nl-prod.prod.cdn.dmdsdp.com\/image-service\/ImagesEPG\/EventImages\/zee-cinema-2018.png?style=content-station-logo-xlarge","description":"","channelno":"763","erotica":"0","minimal":"0","replay":"0","regional":"0","home_only":"0"},"lgi-nl-prod-master:NL_000154_020078":{"id":"lgi-nl-prod-master:NL_000154_020078","assetid":"http:\/\/obc2-1-nl-prod.live.dyncdn.horizon.tv\/dash\/NL_000154_020078\/manifest.mpd&%%&urn:orion:media:std:lgi-nl-prod-master:NL_000154_020078_ORION_Orion-DASH","name":"Zing","icon":"https:\/\/staticqbr-nl-prod.prod.cdn.dmdsdp.com\/image-service\/ImagesEPG\/EventImages\/zing_2017.png?style=content-station-logo-xlarge","description":"","channelno":"764","erotica":"0","minimal":"0","replay":"0","regional":"0","home_only":"0"},"lgi-nl-prod-master:NL_000155_020073":{"id":"lgi-nl-prod-master:NL_000155_020073","assetid":"http:\/\/obc2-2-nl-prod.live.dyncdn.horizon.tv\/dash\/NL_000155_020073\/manifest.mpd&%%&urn:orion:media:std:lgi-nl-prod-master:NL_000155_020073_ORION_Orion-DASH","name":"SET Asia","icon":"https:\/\/staticqbr-nl-prod.prod.cdn.dmdsdp.com\/image-service\/ImagesEPG\/EventImages\/set_asia.png?style=content-station-logo-xlarge","description":"","channelno":"765","erotica":"0","minimal":"0","replay":"0","regional":"0","home_only":"0"},"lgi-nl-prod-master:NL_000156_020072":{"id":"lgi-nl-prod-master:NL_000156_020072","assetid":"http:\/\/obc2-3-nl-prod.live.dyncdn.horizon.tv\/dash\/NL_000156_020072\/manifest.mpd&%%&urn:orion:media:std:lgi-nl-prod-master:NL_000156_020072_ORION_Orion-DASH","name":"ShowT\u00fcrk","icon":"https:\/\/staticqbr-nl-prod.prod.cdn.dmdsdp.com\/image-service\/ImagesEPG\/EventImages\/show_tv.png?style=content-station-logo-xlarge","description":"","channelno":"770","erotica":"0","minimal":"0","replay":"0","regional":"0","home_only":"0"},"lgi-nl-prod-master:NL_000157_019270":{"id":"lgi-nl-prod-master:NL_000157_019270","assetid":"http:\/\/obc2-4-nl-prod.live.dyncdn.horizon.tv\/dash\/NL_000157_019270\/manifest.mpd&%%&urn:orion:media:std:lgi-nl-prod-master:NL_000157_019270_ORION_Orion-DASH","name":"Euro D","icon":"https:\/\/staticqbr-nl-prod.prod.cdn.dmdsdp.com\/image-service\/ImagesEPG\/EventImages\/euro_d1.png?style=content-station-logo-xlarge","description":"","channelno":"771","erotica":"0","minimal":"0","replay":"0","regional":"0","home_only":"0"},"lgi-nl-prod-master:NL_000158_019266":{"id":"lgi-nl-prod-master:NL_000158_019266","assetid":"http:\/\/obc2-5-nl-prod.live.dyncdn.horizon.tv\/dash\/NL_000158_019266\/manifest.mpd&%%&urn:orion:media:std:lgi-nl-prod-master:NL_000158_019266_ORION_Orion-DASH","name":"Eurostar","icon":"https:\/\/staticqbr-nl-prod.prod.cdn.dmdsdp.com\/image-service\/ImagesEPG\/EventImages\/eurostar.png?style=content-station-logo-xlarge","description":"","channelno":"772","erotica":"0","minimal":"0","replay":"0","regional":"0","home_only":"0"},"lgi-nl-prod-master:NL_000159_019273":{"id":"lgi-nl-prod-master:NL_000159_019273","assetid":"http:\/\/obc2-6-nl-prod.live.dyncdn.horizon.tv\/dash\/NL_000159_019273\/manifest.mpd&%%&urn:orion:media:std:lgi-nl-prod-master:NL_000159_019273_ORION_Orion-DASH","name":"Habert\u00fcrk","icon":"https:\/\/staticqbr-nl-prod.prod.cdn.dmdsdp.com\/image-service\/ImagesEPG\/EventImages\/haberturk.png?style=content-station-logo-xlarge","description":"","channelno":"773","erotica":"0","minimal":"0","replay":"0","regional":"0","home_only":"0"},"lgi-nl-prod-master:NL_000160_019277":{"id":"lgi-nl-prod-master:NL_000160_019277","assetid":"http:\/\/obc2-7-nl-prod.live.dyncdn.horizon.tv\/dash\/NL_000160_019277\/manifest.mpd&%%&urn:orion:media:std:lgi-nl-prod-master:NL_000160_019277_ORION_Orion-DASH","name":"TV8 Int.","icon":"https:\/\/staticqbr-nl-prod.prod.cdn.dmdsdp.com\/image-service\/ImagesEPG\/EventImages\/tv8.png?style=content-station-logo-xlarge","description":"","channelno":"774","erotica":"0","minimal":"0","replay":"0","regional":"0","home_only":"0"},"lgi-nl-prod-master:NL_000162_019250":{"id":"lgi-nl-prod-master:NL_000162_019250","assetid":"http:\/\/obc2-9-nl-prod.live.dyncdn.horizon.tv\/dash\/NL_000162_019250\/manifest.mpd&%%&urn:orion:media:std:lgi-nl-prod-master:NL_000162_019250_ORION_Orion-DASH","name":"TRT \u00c7ocuk","icon":"https:\/\/staticqbr-nl-prod.prod.cdn.dmdsdp.com\/image-service\/ImagesEPG\/EventImages\/trt_cocuk.png?style=content-station-logo-xlarge","description":"","channelno":"776","erotica":"0","minimal":"0","replay":"0","regional":"0","home_only":"0"},"lgi-nl-prod-master:NL_000163_019272":{"id":"lgi-nl-prod-master:NL_000163_019272","assetid":"http:\/\/obc2-10-nl-prod.live.dyncdn.horizon.tv\/dash\/NL_000163_019272\/manifest.mpd&%%&urn:orion:media:std:lgi-nl-prod-master:NL_000163_019272_ORION_Orion-DASH","name":"ATV Avrupa","icon":"https:\/\/staticqbr-nl-prod.prod.cdn.dmdsdp.com\/image-service\/ImagesEPG\/EventImages\/atv.png?style=content-station-logo-xlarge","description":"","channelno":"777","erotica":"0","minimal":"0","replay":"0","regional":"0","home_only":"0"},"lgi-nl-prod-master:NL_000164_020070":{"id":"lgi-nl-prod-master:NL_000164_020070","assetid":"http:\/\/obc2-11-nl-prod.live.dyncdn.horizon.tv\/dash\/NL_000164_020070\/manifest.mpd&%%&urn:orion:media:std:lgi-nl-prod-master:NL_000164_020070_ORION_Orion-DASH","name":"TRT M\u00fczik","icon":"https:\/\/staticqbr-nl-prod.prod.cdn.dmdsdp.com\/image-service\/ImagesEPG\/EventImages\/trt_muzik.png?style=content-station-logo-xlarge","description":"","channelno":"778","erotica":"0","minimal":"0","replay":"0","regional":"0","home_only":"0"},"lgi-nl-prod-master:NL_000170_019515":{"id":"lgi-nl-prod-master:NL_000170_019515","assetid":"http:\/\/obc2-11-nl-prod.live.dyncdn.horizon.tv\/dash\/NL_000164_020070\/manifest.mpd&%%&urn:orion:media:std:lgi-nl-prod-master:NL_000164_020070_ORION_Orion-DASH","name":"Secret Circle","icon":"https:\/\/staticqbr-nl-prod.prod.cdn.dmdsdp.com\/image-service\/ImagesEPG\/EventImages\/secret-circle.png?style=content-station-logo-xlarge","description":"","channelno":"791","erotica":"1","minimal":"0","replay":"0","regional":"0","home_only":"0"},"lgi-nl-prod-master:NL_000171_019313":{"id":"lgi-nl-prod-master:NL_000171_019313","assetid":"http:\/\/obc2-11-nl-prod.live.dyncdn.horizon.tv\/dash\/NL_000164_020070\/manifest.mpd&%%&urn:orion:media:std:lgi-nl-prod-master:NL_000164_020070_ORION_Orion-DASH","name":"Penthouse Gold","icon":"https:\/\/staticqbr-nl-prod.prod.cdn.dmdsdp.com\/image-service\/ImagesEPG\/EventImages\/penthouse_gold.png?style=content-station-logo-xlarge","description":"","channelno":"792","erotica":"1","minimal":"0","replay":"0","regional":"0","home_only":"0"},"lgi-nl-prod-master:NL_000172_019302":{"id":"lgi-nl-prod-master:NL_000172_019302","assetid":"http:\/\/obc2-11-nl-prod.live.dyncdn.horizon.tv\/dash\/NL_000164_020070\/manifest.mpd&%%&urn:orion:media:std:lgi-nl-prod-master:NL_000164_020070_ORION_Orion-DASH","name":"Evil Angel","icon":"https:\/\/staticqbr-nl-prod.prod.cdn.dmdsdp.com\/image-service\/ImagesEPG\/EventImages\/evil_angel.png?style=content-station-logo-xlarge","description":"","channelno":"793","erotica":"1","minimal":"0","replay":"0","regional":"0","home_only":"0"},"lgi-nl-prod-master:NL_000173_019305":{"id":"lgi-nl-prod-master:NL_000173_019305","assetid":"http:\/\/obc2-11-nl-prod.live.dyncdn.horizon.tv\/dash\/NL_000164_020070\/manifest.mpd&%%&urn:orion:media:std:lgi-nl-prod-master:NL_000164_020070_ORION_Orion-DASH","name":"PassieXXX","icon":"https:\/\/staticqbr-nl-prod.prod.cdn.dmdsdp.com\/image-service\/ImagesEPG\/EventImages\/passie_xxx.png?style=content-station-logo-xlarge","description":"","channelno":"794","erotica":"1","minimal":"0","replay":"0","regional":"0","home_only":"0"},"lgi-nl-prod-master:NL_000174_019311":{"id":"lgi-nl-prod-master:NL_000174_019311","assetid":"http:\/\/obc2-11-nl-prod.live.dyncdn.horizon.tv\/dash\/NL_000164_020070\/manifest.mpd&%%&urn:orion:media:std:lgi-nl-prod-master:NL_000164_020070_ORION_Orion-DASH","name":"DUSK","icon":"https:\/\/staticqbr-nl-prod.prod.cdn.dmdsdp.com\/image-service\/ImagesEPG\/EventImages\/dusk.png?style=content-station-logo-xlarge","description":"","channelno":"795","erotica":"1","minimal":"0","replay":"0","regional":"0","home_only":"0"},"lgi-nl-prod-master:NL_000175_019312":{"id":"lgi-nl-prod-master:NL_000175_019312","assetid":"http:\/\/obc2-11-nl-prod.live.dyncdn.horizon.tv\/dash\/NL_000164_020070\/manifest.mpd&%%&urn:orion:media:std:lgi-nl-prod-master:NL_000164_020070_ORION_Orion-DASH","name":"MvH Hard","icon":"https:\/\/staticqbr-nl-prod.prod.cdn.dmdsdp.com\/image-service\/ImagesEPG\/EventImages\/mvholland_hard.png?style=content-station-logo-xlarge","description":"","channelno":"796","erotica":"1","minimal":"0","replay":"0","regional":"0","home_only":"0"},"lgi-nl-prod-master:NL_000176_019308":{"id":"lgi-nl-prod-master:NL_000176_019308","assetid":"http:\/\/obc2-11-nl-prod.live.dyncdn.horizon.tv\/dash\/NL_000164_020070\/manifest.mpd&%%&urn:orion:media:std:lgi-nl-prod-master:NL_000164_020070_ORION_Orion-DASH","name":"X-MO","icon":"https:\/\/staticqbr-nl-prod.prod.cdn.dmdsdp.com\/image-service\/ImagesEPG\/EventImages\/xmo_1.png?style=content-station-logo-xlarge","description":"","channelno":"797","erotica":"1","minimal":"0","replay":"0","regional":"0","home_only":"0"}}